2026/08/10 03:59:06.514, 0, 0, 3, 24576, 22.70
2026/08/10 03:59:06.514, 1, 0, 3, 24576, 15.93
2026/08/10 03:59:06.515, 2, 0, 3, 24576, 18.02
2026/08/10 03:59:11.516, 0, 0, 260, 24576, 106.56
2026/08/10 03:59:11.516, 1, 0, 260, 24576, 99.75
2026/08/10 03:59:11.516, 2, 0, 260, 24576, 103.12
2026/08/10 03:59:16.517, 0, 0, 260, 24576, 107.74
2026/08/10 03:59:16.518, 1, 0, 260, 24576, 100.57
2026/08/10 03:59:16.518, 2, 0, 260, 24576, 103.79
2026/08/10 03:59:21.519, 0, 0, 260, 24576, 108.22
2026/08/10 03:59:21.519, 1, 0, 260, 24576, 101.23
2026/08/10 03:59:21.520, 2, 0, 260, 24576, 104.33
2026/08/10 03:59:26.520, 0, 0, 260, 24576, 80.75
2026/08/10 03:59:26.521, 1, 1, 260, 24576, 88.65
2026/08/10 03:59:26.522, 2, 0, 260, 24576, 76.46
2026/08/10 03:59:31.522, 0, 0, 260, 24576, 22.91
2026/08/10 03:59:31.523, 1, 0, 260, 24576, 16.59
2026/08/10 03:59:31.523, 2, 0, 260, 24576, 17.88
2026/08/10 03:59:36.524, 0, 0, 260, 24576, 22.77
2026/08/10 03:59:36.525, 1, 0, 260, 24576, 16.35
2026/08/10 03:59:36.525, 2, 0, 260, 24576, 17.73
2026/08/10 03:59:41.526, 0, 0, 4148, 24576, 108.44
2026/08/10 03:59:41.527, 1, 0, 4142, 24576, 100.75
2026/08/10 03:59:41.527, 2, 0, 4146, 24576, 104.79
2026/08/10 03:59:46.528, 0, 100, 21818, 24576, 328.75
2026/08/10 03:59:46.528, 1, 100, 22538, 24576, 296.99
2026/08/10 03:59:46.529, 2, 100, 23182, 24576, 299.70
2026/08/10 03:59:51.530, 0, 82, 22310, 24576, 297.65
2026/08/10 03:59:51.530, 1, 83, 23792, 24576, 300.76
2026/08/10 03:59:51.531, 2, 99, 24036, 24576, 266.29
2026/08/10 03:59:56.532, 0, 100, 20696, 24576, 251.03
2026/08/10 03:59:56.533, 1, 87, 23152, 24576, 257.64
2026/08/10 03:59:56.533, 2, 91, 22752, 24576, 257.33
2026/08/10 04:00:01.534, 0, 91, 23876, 24576, 335.85
2026/08/10 04:00:01.535, 1, 91, 23376, 24576, 338.15
2026/08/10 04:00:01.535, 2, 91, 23512, 24576, 343.80
2026/08/10 04:00:06.536, 0, 88, 19772, 24576, 295.68
2026/08/10 04:00:06.537, 1, 100, 23272, 24576, 281.92
2026/08/10 04:00:06.537, 2, 98, 22672, 24576, 270.81
2026/08/10 04:00:11.538, 0, 100, 23050, 24576, 346.48
2026/08/10 04:00:11.538, 1, 100, 22412, 24576, 332.10
2026/08/10 04:00:11.539, 2, 91, 23214, 24576, 326.67
2026/08/10 04:00:16.539, 0, 100, 23614, 24576, 287.93
2026/08/10 04:00:16.540, 1, 91, 23554, 24576, 280.22
2026/08/10 04:00:16.540, 2, 100, 23214, 24576, 264.09
2026/08/10 04:00:21.541, 0, 100, 18464, 24576, 292.18
2026/08/10 04:00:21.542, 1, 90, 24058, 24576, 293.09
2026/08/10 04:00:21.547, 2, 100, 23576, 24576, 285.72
2026/08/10 04:00:26.548, 0, 80, 18894, 24576, 289.36
2026/08/10 04:00:26.548, 1, 100, 23014, 24576, 286.65
2026/08/10 04:00:26.549, 2, 98, 19774, 24576, 272.01
2026/08/10 04:00:31.550, 0, 97, 20370, 24576, 256.99
2026/08/10 04:00:31.550, 1, 86, 21394, 24576, 245.57
2026/08/10 04:00:31.551, 2, 79, 20470, 24576, 236.60
2026/08/10 04:00:36.552, 0, 100, 23554, 24576, 346.78
2026/08/10 04:00:36.552, 1, 91, 23634, 24576, 294.94
2026/08/10 04:00:36.553, 2, 91, 23772, 24576, 299.78
2026/08/10 04:00:41.554, 0, 96, 15636, 24576, 273.87
2026/08/10 04:00:41.554, 1, 97, 18034, 24576, 282.68
2026/08/10 04:00:41.555, 2, 94, 15558, 24576, 261.35
2026/08/10 04:00:46.556, 0, 98, 18974, 24576, 301.44
2026/08/10 04:00:46.557, 1, 100, 22952, 24576, 303.00
2026/08/10 04:00:46.558, 2, 100, 22818, 24576, 279.16
2026/08/10 04:00:51.558, 0, 99, 16794, 24576, 293.79
2026/08/10 04:00:51.559, 1, 100, 22912, 24576, 280.03
2026/08/10 04:00:51.560, 2, 100, 23492, 24576, 262.52
2026/08/10 04:00:56.561, 0, 100, 22854, 24576, 315.06
2026/08/10 04:00:56.562, 1, 100, 17372, 24576, 294.17
2026/08/10 04:00:56.562, 2, 100, 23320, 24576, 304.42
2026/08/10 04:01:01.563, 0, 100, 23232, 24576, 303.33
2026/08/10 04:01:01.563, 1, 100, 24118, 24576, 296.47
2026/08/10 04:01:01.564, 2, 99, 18454, 24576, 288.39
2026/08/10 04:01:06.565, 0, 96, 17716, 24576, 267.90
2026/08/10 04:01:06.565, 1, 99, 21236, 24576, 275.37
2026/08/10 04:01:06.566, 2, 91, 15830, 24576, 270.63
2026/08/10 04:01:11.567, 0, 87, 23416, 24576, 278.29
2026/08/10 04:01:11.568, 1, 91, 21990, 24576, 261.20
2026/08/10 04:01:11.568, 2, 80, 22890, 24576, 259.71
2026/08/10 04:01:16.569, 0, 100, 23534, 24576, 310.02
2026/08/10 04:01:16.570, 1, 91, 22130, 24576, 333.20
2026/08/10 04:01:16.571, 2, 100, 19814, 24576, 304.70
2026/08/10 04:01:21.571, 0, 100, 22492, 24576, 276.28
2026/08/10 04:01:21.572, 1, 100, 24052, 24576, 286.97
2026/08/10 04:01:21.573, 2, 92, 18398, 24576, 275.43
2026/08/10 04:01:26.575, 0, 94, 22452, 24576, 276.83
2026/08/10 04:01:26.575, 1, 100, 23534, 24576, 286.63
2026/08/10 04:01:26.576, 2, 99, 18054, 24576, 278.21
2026/08/10 04:01:31.576, 0, 92, 16812, 24576, 289.43
2026/08/10 04:01:31.577, 1, 99, 23236, 24576, 311.79
2026/08/10 04:01:31.577, 2, 100, 23172, 24576, 293.47
2026/08/10 04:01:36.578, 0, 95, 17012, 24576, 288.51
2026/08/10 04:01:36.579, 1, 100, 22712, 24576, 271.12
2026/08/10 04:01:36.580, 2, 99, 22290, 24576, 310.05
2026/08/10 04:01:41.581, 0, 95, 16454, 24576, 268.65
2026/08/10 04:01:41.582, 1, 100, 20394, 24576, 275.30
2026/08/10 04:01:41.582, 2, 99, 21250, 24576, 255.59
2026/08/10 04:01:46.583, 0, 98, 23732, 24576, 315.19
2026/08/10 04:01:46.590, 1, 98, 22392, 24576, 299.92
2026/08/10 04:01:46.590, 2, 98, 22772, 24576, 293.71
2026/08/10 04:01:51.591, 0, 90, 17696, 24576, 283.66
2026/08/10 04:01:51.591, 1, 100, 22234, 24576, 291.98
2026/08/10 04:01:51.592, 2, 100, 23632, 24576, 278.86
2026/08/10 04:01:56.593, 0, 88, 17330, 24576, 285.28
2026/08/10 04:01:56.593, 1, 92, 15908, 24576, 286.42
2026/08/10 04:01:56.594, 2, 100, 23072, 24576, 281.98
2026/08/10 04:02:01.595, 0, 100, 23772, 24576, 325.05
2026/08/10 04:02:01.596, 1, 99, 22696, 24576, 305.43
2026/08/10 04:02:01.596, 2, 98, 22526, 24576, 290.33
2026/08/10 04:02:06.597, 0, 99, 22594, 24576, 308.84
2026/08/10 04:02:06.598, 1, 89, 17532, 24576, 299.65
2026/08/10 04:02:06.598, 2, 100, 23634, 24576, 291.87
2026/08/10 04:02:11.599, 0, 91, 24076, 24576, 337.17
2026/08/10 04:02:11.600, 1, 91, 24234, 24576, 333.55
2026/08/10 04:02:11.600, 2, 100, 23216, 24576, 319.66
2026/08/10 04:02:16.601, 0, 93, 18356, 24576, 280.85
2026/08/10 04:02:16.601, 1, 95, 18452, 24576, 284.49
2026/08/10 04:02:16.602, 2, 100, 22736, 24576, 268.02
2026/08/10 04:02:21.603, 0, 100, 22612, 24576, 279.00
2026/08/10 04:02:21.604, 1, 94, 17494, 24576, 278.82
2026/08/10 04:02:21.604, 2, 100, 21516, 24576, 289.10
2026/08/10 04:02:26.605, 0, 93, 16914, 24576, 281.71
2026/08/10 04:02:26.606, 1, 91, 18468, 24576, 281.02
2026/08/10 04:02:26.606, 2, 100, 23572, 24576, 277.26
2026/08/10 04:02:31.607, 0, 91, 17590, 24576, 285.89
2026/08/10 04:02:31.608, 1, 98, 23572, 24576, 311.80
2026/08/10 04:02:31.608, 2, 100, 23834, 24576, 295.19
2026/08/10 04:02:36.609, 0, 91, 23092, 24576, 310.55
2026/08/10 04:02:36.610, 1, 100, 20332, 24576, 305.58
2026/08/10 04:02:36.610, 2, 100, 24036, 24576, 295.99
2026/08/10 04:02:41.611, 0, 100, 23274, 24576, 272.30
2026/08/10 04:02:41.612, 1, 94, 15934, 24576, 286.30
2026/08/10 04:02:41.613, 2, 100, 22936, 24576, 289.92
2026/08/10 04:02:46.613, 0, 90, 15430, 24576, 269.55
2026/08/10 04:02:46.614, 1, 98, 23074, 24576, 311.00
2026/08/10 04:02:46.615, 2, 100, 19714, 24576, 311.59
2026/08/10 04:02:51.619, 0, 100, 22170, 24576, 298.76
2026/08/10 04:02:51.620, 1, 95, 16852, 24576, 314.14
2026/08/10 04:02:51.620, 2, 100, 23454, 24576, 301.55
2026/08/10 04:02:56.621, 0, 87, 22852, 24576, 311.88
2026/08/10 04:02:56.622, 1, 79, 23496, 24576, 305.53
2026/08/10 04:02:56.623, 2, 100, 24192, 24576, 335.43
2026/08/10 04:03:01.623, 0, 89, 19834, 24576, 295.79
2026/08/10 04:03:01.624, 1, 100, 23756, 24576, 294.30
2026/08/10 04:03:01.625, 2, 99, 22970, 24576, 300.13
2026/08/10 04:03:06.626, 0, 87, 22730, 24576, 290.62
2026/08/10 04:03:06.626, 1, 91, 24194, 24576, 313.28
2026/08/10 04:03:06.627, 2, 91, 23272, 24576, 286.74
2026/08/10 04:03:11.628, 0, 100, 16494, 24576, 300.04
2026/08/10 04:03:11.628, 1, 100, 23318, 24576, 272.55
2026/08/10 04:03:11.629, 2, 86, 23116, 24576, 291.93
2026/08/10 04:03:16.630, 0, 100, 17052, 24576, 312.57
2026/08/10 04:03:16.631, 1, 100, 22574, 24576, 296.71
2026/08/10 04:03:16.631, 2, 96, 23176, 24576, 291.63
2026/08/10 04:03:21.632, 0, 91, 23032, 24576, 307.29
2026/08/10 04:03:21.633, 1, 100, 20612, 24576, 313.59
2026/08/10 04:03:21.634, 2, 90, 23272, 24576, 297.97
2026/08/10 04:03:26.635, 0, 98, 21970, 24576, 295.01
2026/08/10 04:03:26.635, 1, 77, 23392, 24576, 295.97
2026/08/10 04:03:26.636, 2, 100, 23354, 24576, 311.73
2026/08/10 04:03:31.637, 0, 92, 16210, 24576, 281.30
2026/08/10 04:03:31.637, 1, 100, 23472, 24576, 292.92
2026/08/10 04:03:31.638, 2, 100, 23092, 24576, 283.32
2026/08/10 04:03:36.638, 0, 97, 21034, 24576, 280.08
2026/08/10 04:03:36.639, 1, 90, 16972, 24576, 282.77
2026/08/10 04:03:36.640, 2, 99, 23374, 24576, 273.50
2026/08/10 04:03:41.641, 0, 99, 23436, 24576, 251.24
2026/08/10 04:03:41.641, 1, 91, 17112, 24576, 259.29
2026/08/10 04:03:41.642, 2, 96, 18912, 24576, 243.72
2026/08/10 04:03:46.643, 0, 91, 22348, 24576, 306.59
2026/08/10 04:03:46.644, 1, 91, 24116, 24576, 296.18
2026/08/10 04:03:46.645, 2, 91, 23176, 24576, 292.79
2026/08/10 04:03:51.646, 0, 98, 22994, 24576, 305.84
2026/08/10 04:03:51.647, 1, 90, 16952, 24576, 311.23
2026/08/10 04:03:51.647, 2, 99, 23196, 24576, 295.25
2026/08/10 04:03:56.648, 0, 100, 23332, 24576, 296.71
2026/08/10 04:03:56.648, 1, 100, 23512, 24576, 278.88
2026/08/10 04:03:56.649, 2, 87, 19116, 24576, 291.09
2026/08/10 04:04:01.650, 0, 88, 17012, 24576, 295.89
2026/08/10 04:04:01.650, 1, 100, 22838, 24576, 299.52
2026/08/10 04:04:01.651, 2, 99, 23918, 24576, 306.26
2026/08/10 04:04:06.652, 0, 100, 22552, 24576, 289.37
2026/08/10 04:04:06.652, 1, 95, 17616, 24576, 281.92
2026/08/10 04:04:06.653, 2, 100, 23054, 24576, 290.35
2026/08/10 04:04:11.654, 0, 89, 21096, 24576, 286.79
2026/08/10 04:04:11.655, 1, 100, 22632, 24576, 284.65
2026/08/10 04:04:11.655, 2, 89, 18832, 24576, 275.77
2026/08/10 04:04:16.656, 0, 82, 23594, 24576, 292.90
2026/08/10 04:04:16.657, 1, 100, 22014, 24576, 303.42
2026/08/10 04:04:16.657, 2, 83, 22652, 24576, 299.73
2026/08/10 04:04:21.658, 0, 100, 23856, 24576, 298.07
2026/08/10 04:04:21.659, 1, 96, 22992, 24576, 286.20
2026/08/10 04:04:21.660, 2, 98, 23914, 24576, 293.63
2026/08/10 04:04:26.660, 0, 90, 21914, 24576, 292.41
2026/08/10 04:04:26.661, 1, 100, 23170, 24576, 288.60
2026/08/10 04:04:26.662, 2, 91, 20414, 24576, 304.07
2026/08/10 04:04:31.662, 0, 90, 17808, 24576, 304.13
2026/08/10 04:04:31.663, 1, 97, 21832, 24576, 282.40
2026/08/10 04:04:31.667, 2, 100, 21888, 24576, 274.87
2026/08/10 04:04:36.668, 0, 100, 22632, 24576, 288.94
2026/08/10 04:04:36.668, 1, 98, 22650, 24576, 291.24
2026/08/10 04:04:36.669, 2, 90, 20074, 24576, 293.30
2026/08/10 04:04:41.669, 0, 98, 22816, 24576, 336.29
2026/08/10 04:04:41.670, 1, 100, 23414, 24576, 333.67
2026/08/10 04:04:41.671, 2, 91, 15256, 24576, 284.10
2026/08/10 04:04:46.672, 0, 99, 18074, 24576, 280.98
2026/08/10 04:04:46.672, 1, 98, 23712, 24576, 282.07
2026/08/10 04:04:46.673, 2, 97, 22896, 24576, 297.89
2026/08/10 04:04:51.673, 0, 84, 22992, 24576, 284.43
2026/08/10 04:04:51.674, 1, 99, 22394, 24576, 295.03
2026/08/10 04:04:51.674, 2, 100, 23112, 24576, 282.70
2026/08/10 04:04:56.675, 0, 100, 22272, 24576, 345.66
2026/08/10 04:04:56.676, 1, 94, 22894, 24576, 286.79
2026/08/10 04:04:56.677, 2, 91, 23796, 24576, 303.76
2026/08/10 04:05:01.678, 0, 92, 20956, 24576, 302.56
2026/08/10 04:05:01.678, 1, 98, 23032, 24576, 310.40
2026/08/10 04:05:01.679, 2, 89, 19236, 24576, 308.70
2026/08/10 04:05:06.679, 0, 100, 21792, 24576, 273.15
2026/08/10 04:05:06.680, 1, 84, 20932, 24576, 283.24
2026/08/10 04:05:06.681, 2, 89, 22292, 24576, 302.87
2026/08/10 04:05:11.682, 0, 98, 22670, 24576, 303.76
2026/08/10 04:05:11.682, 1, 100, 20594, 24576, 308.01
2026/08/10 04:05:11.683, 2, 100, 22292, 24576, 305.17
2026/08/10 04:05:16.683, 0, 91, 23534, 24576, 304.07
2026/08/10 04:05:16.684, 1, 97, 20654, 24576, 282.71
2026/08/10 04:05:16.684, 2, 88, 23312, 24576, 308.15
2026/08/10 04:05:21.685, 0, 100, 18430, 24576, 279.05
2026/08/10 04:05:21.686, 1, 100, 22350, 24576, 285.41
2026/08/10 04:05:21.686, 2, 88, 17286, 24576, 288.04
2026/08/10 04:05:26.687, 0, 100, 22028, 24576, 326.94
2026/08/10 04:05:26.688, 1, 91, 24194, 24576, 338.51
2026/08/10 04:05:26.689, 2, 100, 23416, 24576, 319.90
2026/08/10 04:05:31.690, 0, 91, 23318, 24576, 316.77
2026/08/10 04:05:31.690, 1, 98, 21354, 24576, 303.33
2026/08/10 04:05:31.691, 2, 92, 23734, 24576, 306.11
2026/08/10 04:05:36.692, 0, 90, 20418, 24576, 304.54
2026/08/10 04:05:36.693, 1, 100, 22736, 24576, 302.35
2026/08/10 04:05:36.693, 2, 89, 15362, 24576, 258.72
2026/08/10 04:05:41.694, 0, 98, 22908, 24576, 311.68
2026/08/10 04:05:41.695, 1, 100, 20594, 24576, 312.82
2026/08/10 04:05:41.695, 2, 100, 23596, 24576, 317.04
2026/08/10 04:05:46.696, 0, 100, 23052, 24576, 311.94
2026/08/10 04:05:46.697, 1, 91, 22812, 24576, 307.67
2026/08/10 04:05:46.697, 2, 100, 23516, 24576, 302.47
2026/08/10 04:05:51.698, 0, 100, 18294, 24576, 298.11
2026/08/10 04:05:51.699, 1, 100, 22514, 24576, 289.36
2026/08/10 04:05:51.700, 2, 100, 23874, 24576, 288.55
2026/08/10 04:05:56.701, 0, 100, 22750, 24576, 286.75
2026/08/10 04:05:56.701, 1, 96, 18914, 24576, 300.71
2026/08/10 04:05:56.702, 2, 100, 23232, 24576, 276.09
2026/08/10 04:06:01.702, 0, 98, 22070, 24576, 288.46
2026/08/10 04:06:01.706, 1, 87, 19934, 24576, 293.86
2026/08/10 04:06:01.707, 2, 100, 23154, 24576, 293.08
2026/08/10 04:06:06.708, 0, 100, 23394, 24576, 312.17
2026/08/10 04:06:06.708, 1, 97, 20956, 24576, 313.45
2026/08/10 04:06:06.709, 2, 98, 23334, 24576, 313.37
2026/08/10 04:06:11.710, 0, 92, 17270, 24576, 299.35
2026/08/10 04:06:11.710, 1, 86, 16890, 24576, 275.54
2026/08/10 04:06:11.711, 2, 89, 16328, 24576, 291.59
2026/08/10 04:06:16.712, 0, 98, 22552, 24576, 283.38
2026/08/10 04:06:16.712, 1, 99, 22330, 24576, 274.59
2026/08/10 04:06:16.713, 2, 100, 23272, 24576, 276.54
2026/08/10 04:06:21.714, 0, 100, 24232, 24576, 331.64
2026/08/10 04:06:21.715, 1, 96, 22874, 24576, 312.32
2026/08/10 04:06:21.715, 2, 78, 23252, 24576, 291.80
2026/08/10 04:06:26.716, 0, 92, 17312, 24576, 274.89
2026/08/10 04:06:26.717, 1, 92, 18974, 24576, 288.74
2026/08/10 04:06:26.717, 2, 100, 22932, 24576, 274.95
2026/08/10 04:06:31.718, 0, 100, 22470, 24576, 278.14
2026/08/10 04:06:31.719, 1, 91, 23234, 24576, 289.33
2026/08/10 04:06:31.719, 2, 91, 24192, 24576, 269.06
2026/08/10 04:06:36.720, 0, 100, 22994, 24576, 317.05
2026/08/10 04:06:36.721, 1, 100, 22512, 24576, 316.64
2026/08/10 04:06:36.721, 2, 98, 23954, 24576, 301.29
2026/08/10 04:06:41.722, 0, 100, 23812, 24576, 294.36
2026/08/10 04:06:41.722, 1, 91, 22568, 24576, 310.17
2026/08/10 04:06:41.723, 2, 98, 23212, 24576, 296.67
2026/08/10 04:06:46.724, 0, 98, 23374, 24576, 302.36
2026/08/10 04:06:46.725, 1, 98, 22892, 24576, 304.65
2026/08/10 04:06:46.726, 2, 100, 23236, 24576, 295.91
2026/08/10 04:06:51.727, 0, 88, 17212, 24576, 302.20
2026/08/10 04:06:51.727, 1, 100, 22672, 24576, 294.81
2026/08/10 04:06:51.728, 2, 100, 23632, 24576, 271.68
2026/08/10 04:06:56.729, 0, 100, 22852, 24576, 277.55
2026/08/10 04:06:56.730, 1, 83, 22472, 24576, 285.17
2026/08/10 04:06:56.731, 2, 82, 23574, 24576, 274.53
2026/08/10 04:07:01.731, 0, 100, 22872, 24576, 337.51
2026/08/10 04:07:01.732, 1, 91, 23774, 24576, 340.26
2026/08/10 04:07:01.732, 2, 91, 23954, 24576, 342.38
2026/08/10 04:07:06.733, 0, 99, 23134, 24576, 260.18
2026/08/10 04:07:06.734, 1, 91, 16992, 24576, 268.85
2026/08/10 04:07:06.734, 2, 97, 19512, 24576, 268.64
2026/08/10 04:07:11.742, 0, 100, 20444, 24576, 292.43
2026/08/10 04:07:11.743, 1, 100, 22530, 24576, 295.38
2026/08/10 04:07:11.743, 2, 92, 22868, 24576, 307.38
2026/08/10 04:07:16.744, 0, 95, 22532, 24576, 297.32
2026/08/10 04:07:16.744, 1, 91, 17092, 24576, 304.32
2026/08/10 04:07:16.745, 2, 98, 23596, 24576, 301.48
2026/08/10 04:07:21.746, 0, 100, 15792, 24576, 305.67
2026/08/10 04:07:21.747, 1, 100, 22974, 24576, 313.75
2026/08/10 04:07:21.747, 2, 100, 23296, 24576, 321.70
2026/08/10 04:07:26.748, 0, 100, 17420, 24576, 276.63
2026/08/10 04:07:26.748, 1, 100, 17820, 24576, 285.99
2026/08/10 04:07:26.749, 2, 100, 22972, 24576, 277.53
2026/08/10 04:07:31.750, 0, 96, 17270, 24576, 289.90
2026/08/10 04:07:31.751, 1, 100, 22434, 24576, 293.94
2026/08/10 04:07:31.751, 2, 100, 22992, 24576, 273.07
2026/08/10 04:07:36.752, 0, 96, 19694, 24576, 276.32
2026/08/10 04:07:36.753, 1, 99, 23454, 24576, 265.40
2026/08/10 04:07:36.754, 2, 97, 16292, 24576, 267.60
2026/08/10 04:07:41.755, 0, 100, 22508, 24576, 298.54
2026/08/10 04:07:41.755, 1, 100, 22976, 24576, 294.21
2026/08/10 04:07:41.756, 2, 99, 21536, 24576, 303.18
2026/08/10 04:07:46.756, 0, 100, 24052, 24576, 291.30
2026/08/10 04:07:46.757, 1, 90, 22836, 24576, 313.61
2026/08/10 04:07:46.757, 2, 100, 23216, 24576, 313.29
2026/08/10 04:07:51.758, 0, 100, 23354, 24576, 303.51
2026/08/10 04:07:51.759, 1, 91, 22090, 24576, 274.43
2026/08/10 04:07:51.759, 2, 100, 23232, 24576, 281.06
2026/08/10 04:07:56.760, 0, 100, 23552, 24576, 276.99
2026/08/10 04:07:56.761, 1, 100, 17336, 24576, 292.73
2026/08/10 04:07:56.762, 2, 100, 23210, 24576, 285.75
2026/08/10 04:08:01.763, 0, 94, 19894, 24576, 303.06
2026/08/10 04:08:01.763, 1, 96, 15136, 24576, 276.26
2026/08/10 04:08:01.764, 2, 94, 19114, 24576, 307.00
2026/08/10 04:08:06.765, 0, 91, 22856, 24576, 310.58
2026/08/10 04:08:06.766, 1, 91, 23834, 24576, 308.81
2026/08/10 04:08:06.766, 2, 100, 22454, 24576, 308.71
2026/08/10 04:08:11.767, 0, 94, 22952, 24576, 341.67
2026/08/10 04:08:11.767, 1, 100, 22190, 24576, 341.82
2026/08/10 04:08:11.768, 2, 91, 23134, 24576, 335.98
2026/08/10 04:08:16.769, 0, 97, 22772, 24576, 300.14
2026/08/10 04:08:16.769, 1, 98, 22934, 24576, 301.22
2026/08/10 04:08:16.770, 2, 92, 16750, 24576, 307.63
2026/08/10 04:08:21.771, 0, 96, 17692, 24576, 277.62
2026/08/10 04:08:21.772, 1, 100, 21854, 24576, 278.74
2026/08/10 04:08:21.773, 2, 90, 16290, 24576, 281.15
2026/08/10 04:08:26.775, 0, 99, 22670, 24576, 277.63
2026/08/10 04:08:26.775, 1, 94, 19660, 24576, 297.55
2026/08/10 04:08:26.776, 2, 100, 24136, 24576, 257.31
2026/08/10 04:08:31.778, 0, 100, 17092, 24576, 306.00
2026/08/10 04:08:31.779, 1, 100, 22416, 24576, 314.21
2026/08/10 04:08:31.779, 2, 100, 22212, 24576, 303.11
2026/08/10 04:08:36.780, 0, 95, 23536, 24576, 298.14
2026/08/10 04:08:36.780, 1, 80, 22750, 24576, 290.15
2026/08/10 04:08:36.781, 2, 100, 21436, 24576, 285.42
2026/08/10 04:08:41.781, 0, 100, 23092, 24576, 309.09
2026/08/10 04:08:41.782, 1, 93, 16790, 24576, 283.08
2026/08/10 04:08:41.782, 2, 99, 22690, 24576, 285.89
2026/08/10 04:08:46.783, 0, 100, 20314, 24576, 317.38
2026/08/10 04:08:46.784, 1, 100, 22834, 24576, 313.28
2026/08/10 04:08:46.785, 2, 100, 23894, 24576, 312.04
2026/08/10 04:08:51.786, 0, 100, 22974, 24576, 298.88
2026/08/10 04:08:51.786, 1, 93, 18858, 24576, 300.68
2026/08/10 04:08:51.787, 2, 100, 23632, 24576, 297.26
2026/08/10 04:08:56.788, 0, 96, 14752, 24576, 276.28
2026/08/10 04:08:56.789, 1, 100, 23732, 24576, 298.04
2026/08/10 04:08:56.789, 2, 100, 22974, 24576, 296.30
2026/08/10 04:09:01.790, 0, 99, 23530, 24576, 262.16
2026/08/10 04:09:01.791, 1, 100, 20594, 24576, 281.36
2026/08/10 04:09:01.791, 2, 94, 16510, 24576, 268.86
2026/08/10 04:09:06.792, 0, 81, 23454, 24576, 263.38
2026/08/10 04:09:06.792, 1, 81, 22550, 24576, 268.58
2026/08/10 04:09:06.793, 2, 83, 23320, 24576, 267.40
2026/08/10 04:09:11.793, 0, 98, 17090, 24576, 273.01
2026/08/10 04:09:11.794, 1, 95, 17894, 24576, 310.48
2026/08/10 04:09:11.794, 2, 87, 19352, 24576, 306.20
2026/08/10 04:09:16.796, 0, 98, 22932, 24576, 303.05
2026/08/10 04:09:16.796, 1, 97, 22592, 24576, 298.52
2026/08/10 04:09:16.797, 2, 87, 19634, 24576, 309.43
2026/08/10 04:09:21.798, 0, 100, 23596, 24576, 293.82
2026/08/10 04:09:21.799, 1, 82, 20274, 24576, 309.74
2026/08/10 04:09:21.799, 2, 100, 24014, 24576, 315.08
2026/08/10 04:09:26.800, 0, 91, 22434, 24576, 296.19
2026/08/10 04:09:26.801, 1, 91, 21232, 24576, 306.05
2026/08/10 04:09:26.801, 2, 92, 22996, 24576, 300.27
2026/08/10 04:09:31.802, 0, 90, 17312, 24576, 304.48
2026/08/10 04:09:31.803, 1, 100, 16972, 24576, 311.06
2026/08/10 04:09:31.803, 2, 99, 23138, 24576, 291.34
2026/08/10 04:09:36.804, 0, 100, 20612, 24576, 333.47
2026/08/10 04:09:36.805, 1, 100, 20400, 24576, 313.45
2026/08/10 04:09:36.805, 2, 100, 16772, 24576, 297.00
2026/08/10 04:09:41.806, 0, 96, 19860, 24576, 276.96
2026/08/10 04:09:41.807, 1, 100, 19928, 24576, 306.51
2026/08/10 04:09:41.808, 2, 100, 23656, 24576, 266.58
2026/08/10 04:09:46.809, 0, 98, 22710, 24576, 309.20
2026/08/10 04:09:46.810, 1, 100, 20434, 24576, 317.45
2026/08/10 04:09:46.811, 2, 98, 22490, 24576, 301.79
2026/08/10 04:09:51.813, 0, 100, 22070, 24576, 296.66
2026/08/10 04:09:51.814, 1, 96, 18694, 24576, 327.92
2026/08/10 04:09:51.814, 2, 100, 23272, 24576, 331.22
2026/08/10 04:09:56.815, 0, 94, 17036, 24576, 306.42
2026/08/10 04:09:56.815, 1, 100, 23612, 24576, 311.06
2026/08/10 04:09:56.816, 2, 100, 21272, 24576, 316.42
2026/08/10 04:10:01.817, 0, 91, 20718, 24576, 298.88
2026/08/10 04:10:01.817, 1, 100, 22814, 24576, 301.30
2026/08/10 04:10:01.818, 2, 100, 22952, 24576, 281.91
2026/08/10 04:10:06.818, 0, 98, 21852, 24576, 313.64
2026/08/10 04:10:06.819, 1, 100, 22236, 24576, 321.70
2026/08/10 04:10:06.820, 2, 99, 23634, 24576, 300.48
2026/08/10 04:10:11.821, 0, 99, 23678, 24576, 301.19
2026/08/10 04:10:11.821, 1, 96, 16590, 24576, 301.95
2026/08/10 04:10:11.822, 2, 99, 22292, 24576, 303.45
2026/08/10 04:10:16.823, 0, 95, 24172, 24576, 292.35
2026/08/10 04:10:16.826, 1, 91, 23578, 24576, 307.55
2026/08/10 04:10:16.827, 2, 91, 22874, 24576, 299.85
2026/08/10 04:10:21.828, 0, 87, 17492, 24576, 306.43
2026/08/10 04:10:21.828, 1, 100, 22958, 24576, 303.81
2026/08/10 04:10:21.829, 2, 100, 22930, 24576, 284.66
2026/08/10 04:10:26.829, 0, 90, 16632, 24576, 284.26
2026/08/10 04:10:26.830, 1, 100, 23274, 24576, 292.52
2026/08/10 04:10:26.830, 2, 100, 22850, 24576, 275.90
2026/08/10 04:10:31.831, 0, 98, 23236, 24576, 310.77
2026/08/10 04:10:31.832, 1, 98, 20112, 24576, 297.48
2026/08/10 04:10:31.833, 2, 100, 22730, 24576, 286.58
2026/08/10 04:10:36.834, 0, 81, 23752, 24576, 297.25
2026/08/10 04:10:36.834, 1, 82, 23876, 24576, 305.86
2026/08/10 04:10:36.835, 2, 88, 22834, 24576, 287.08
2026/08/10 04:10:41.836, 0, 100, 23196, 24576, 278.68
2026/08/10 04:10:41.837, 1, 99, 19572, 24576, 308.28
2026/08/10 04:10:41.837, 2, 100, 23734, 24576, 301.61
2026/08/10 04:10:46.838, 0, 95, 23414, 24576, 345.53
2026/08/10 04:10:46.838, 1, 100, 16250, 24576, 305.52
2026/08/10 04:10:46.839, 2, 91, 23070, 24576, 340.29
2026/08/10 04:10:51.840, 0, 98, 23574, 24576, 292.65
2026/08/10 04:10:51.840, 1, 90, 17770, 24576, 308.60
2026/08/10 04:10:51.841, 2, 100, 23172, 24576, 280.58
2026/08/10 04:10:56.842, 0, 100, 23176, 24576, 343.71
2026/08/10 04:10:56.842, 1, 100, 23072, 24576, 336.01
2026/08/10 04:10:56.843, 2, 98, 23454, 24576, 321.13
2026/08/10 04:11:01.844, 0, 100, 21296, 24576, 320.30
2026/08/10 04:11:01.844, 1, 98, 22390, 24576, 304.01
2026/08/10 04:11:01.845, 2, 99, 22814, 24576, 298.83
2026/08/10 04:11:06.846, 0, 98, 20310, 24576, 292.23
2026/08/10 04:11:06.847, 1, 100, 22572, 24576, 289.53
2026/08/10 04:11:06.847, 2, 93, 23214, 24576, 302.96
2026/08/10 04:11:11.848, 0, 100, 20012, 24576, 313.35
2026/08/10 04:11:11.849, 1, 100, 23352, 24576, 325.12
2026/08/10 04:11:11.849, 2, 99, 22474, 24576, 302.39
2026/08/10 04:11:16.850, 0, 100, 23752, 24576, 307.85
2026/08/10 04:11:16.851, 1, 92, 22470, 24576, 295.95
2026/08/10 04:11:16.851, 2, 98, 17488, 24576, 263.85
2026/08/10 04:11:21.852, 0, 91, 23550, 24576, 308.28
2026/08/10 04:11:21.853, 1, 100, 15842, 24576, 273.73
2026/08/10 04:11:21.854, 2, 91, 24154, 24576, 311.86
2026/08/10 04:11:26.858, 0, 100, 23294, 24576, 289.73
2026/08/10 04:11:26.858, 1, 100, 23254, 24576, 300.45
2026/08/10 04:11:26.859, 2, 90, 14996, 24576, 285.47
2026/08/10 04:11:31.860, 0, 91, 20074, 24576, 294.46
2026/08/10 04:11:31.861, 1, 98, 23298, 24576, 316.78
2026/08/10 04:11:31.861, 2, 98, 22890, 24576, 295.35
2026/08/10 04:11:36.862, 0, 100, 15722, 24576, 262.41
2026/08/10 04:11:36.863, 1, 91, 23210, 24576, 315.15
2026/08/10 04:11:36.863, 2, 100, 23492, 24576, 302.78
2026/08/10 04:11:41.864, 0, 100, 16792, 24576, 314.01
2026/08/10 04:11:41.865, 1, 99, 22492, 24576, 315.29
2026/08/10 04:11:41.865, 2, 100, 23552, 24576, 307.91
2026/08/10 04:11:46.866, 0, 100, 23194, 24576, 309.17
2026/08/10 04:11:46.866, 1, 97, 17430, 24576, 312.23
2026/08/10 04:11:46.867, 2, 100, 23880, 24576, 311.12
2026/08/10 04:11:51.868, 0, 92, 23676, 24576, 337.32
2026/08/10 04:11:51.868, 1, 100, 22550, 24576, 328.58
2026/08/10 04:11:51.869, 2, 97, 18554, 24576, 292.45
2026/08/10 04:11:56.870, 0, 91, 22612, 24576, 304.72
2026/08/10 04:11:56.871, 1, 100, 20734, 24576, 312.89
2026/08/10 04:11:56.871, 2, 91, 22976, 24576, 294.60
2026/08/10 04:12:01.872, 0, 100, 23516, 24576, 316.06
2026/08/10 04:12:01.873, 1, 100, 18134, 24576, 306.19
2026/08/10 04:12:01.874, 2, 100, 23572, 24576, 282.50
2026/08/10 04:12:06.875, 0, 100, 22450, 24576, 282.35
2026/08/10 04:12:06.875, 1, 96, 16786, 24576, 301.70
2026/08/10 04:12:06.876, 2, 100, 23252, 24576, 282.96
2026/08/10 04:12:11.876, 0, 91, 21912, 24576, 309.02
2026/08/10 04:12:11.877, 1, 91, 24034, 24576, 297.62
2026/08/10 04:12:11.877, 2, 91, 22912, 24576, 306.05
2026/08/10 04:12:16.878, 0, 100, 22194, 24576, 311.49
2026/08/10 04:12:16.879, 1, 94, 17052, 24576, 307.97
2026/08/10 04:12:16.880, 2, 99, 23032, 24576, 304.87
2026/08/10 04:12:21.882, 0, 83, 24154, 24576, 297.27
2026/08/10 04:12:21.883, 1, 82, 22832, 24576, 292.68
2026/08/10 04:12:21.884, 2, 82, 22870, 24576, 285.66
2026/08/10 04:12:26.884, 0, 91, 23374, 24576, 310.59
2026/08/10 04:12:26.885, 1, 100, 23510, 24576, 340.44
2026/08/10 04:12:26.886, 2, 100, 22876, 24576, 297.35
2026/08/10 04:12:31.887, 0, 100, 20812, 24576, 256.14
2026/08/10 04:12:31.887, 1, 100, 20312, 24576, 264.71
2026/08/10 04:12:31.887, 2, 100, 19396, 24576, 271.20
2026/08/10 04:12:36.888, 0, 98, 23234, 24576, 308.05
2026/08/10 04:12:36.889, 1, 96, 17130, 24576, 285.72
2026/08/10 04:12:36.889, 2, 98, 23312, 24576, 309.33
2026/08/10 04:12:41.890, 0, 91, 22952, 24576, 311.06
2026/08/10 04:12:41.891, 1, 91, 22892, 24576, 307.37
2026/08/10 04:12:41.891, 2, 91, 22872, 24576, 299.29
2026/08/10 04:12:46.892, 0, 98, 22470, 24576, 313.90
2026/08/10 04:12:46.893, 1, 98, 23754, 24576, 323.50
2026/08/10 04:12:46.894, 2, 100, 22570, 24576, 305.69
2026/08/10 04:12:51.894, 0, 100, 23532, 24576, 307.44
2026/08/10 04:12:51.895, 1, 98, 23356, 24576, 293.43
2026/08/10 04:12:51.896, 2, 100, 20818, 24576, 310.22
2026/08/10 04:12:56.897, 0, 95, 17678, 24576, 303.24
2026/08/10 04:12:56.898, 1, 88, 19858, 24576, 307.40
2026/08/10 04:12:56.898, 2, 100, 21932, 24576, 306.23
2026/08/10 04:13:01.900, 0, 100, 23594, 24576, 344.55
2026/08/10 04:13:01.900, 1, 100, 22452, 24576, 341.33
2026/08/10 04:13:01.901, 2, 92, 23294, 24576, 343.42
2026/08/10 04:13:06.902, 0, 91, 22852, 24576, 273.43
2026/08/10 04:13:06.902, 1, 100, 21812, 24576, 277.53
2026/08/10 04:13:06.903, 2, 91, 23312, 24576, 260.03
2026/08/10 04:13:11.904, 0, 91, 23890, 24576, 340.44
2026/08/10 04:13:11.905, 1, 100, 24192, 24576, 317.82
2026/08/10 04:13:11.907, 2, 91, 24212, 24576, 303.47
2026/08/10 04:13:16.908, 0, 98, 23396, 24576, 299.77
2026/08/10 04:13:16.909, 1, 100, 23312, 24576, 317.07
2026/08/10 04:13:16.909, 2, 95, 19392, 24576, 311.86
2026/08/10 04:13:21.910, 0, 100, 24032, 24576, 280.69
2026/08/10 04:13:21.911, 1, 100, 23196, 24576, 288.02
2026/08/10 04:13:21.911, 2, 96, 17476, 24576, 291.74
2026/08/10 04:13:26.912, 0, 99, 21200, 24576, 255.50
2026/08/10 04:13:26.913, 1, 87, 17130, 24576, 264.03
2026/08/10 04:13:26.914, 2, 100, 18890, 24576, 254.32
2026/08/10 04:13:31.914, 0, 99, 23994, 24576, 326.42
2026/08/10 04:13:31.915, 1, 100, 23030, 24576, 323.05
2026/08/10 04:13:31.915, 2, 94, 21138, 24576, 302.01
2026/08/10 04:13:36.916, 0, 95, 17212, 24576, 273.25
2026/08/10 04:13:36.917, 1, 100, 22978, 24576, 316.71
2026/08/10 04:13:36.918, 2, 99, 23552, 24576, 269.66
2026/08/10 04:13:41.919, 0, 100, 17732, 24576, 292.18
2026/08/10 04:13:41.919, 1, 100, 15810, 24576, 282.20
2026/08/10 04:13:41.920, 2, 100, 23054, 24576, 278.93
2026/08/10 04:13:46.921, 0, 86, 23872, 24576, 316.01
2026/08/10 04:13:46.921, 1, 100, 22994, 24576, 314.39
2026/08/10 04:13:46.922, 2, 99, 19876, 24576, 291.77
2026/08/10 04:13:51.923, 0, 86, 22490, 24576, 264.14
2026/08/10 04:13:51.923, 1, 91, 22832, 24576, 271.82
2026/08/10 04:13:51.924, 2, 91, 22374, 24576, 271.54
2026/08/10 04:13:56.924, 0, 100, 22972, 24576, 314.16
2026/08/10 04:13:56.925, 1, 100, 17674, 24576, 313.97
2026/08/10 04:13:56.926, 2, 100, 23112, 24576, 287.48
2026/08/10 04:14:01.927, 0, 91, 22672, 24576, 310.15
2026/08/10 04:14:01.927, 1, 91, 23954, 24576, 315.50
2026/08/10 04:14:01.928, 2, 100, 20316, 24576, 290.42
2026/08/10 04:14:06.929, 0, 91, 22970, 24576, 313.81
2026/08/10 04:14:06.930, 1, 91, 23154, 24576, 315.95
2026/08/10 04:14:06.930, 2, 91, 23434, 24576, 312.48
2026/08/10 04:14:11.931, 0, 91, 23912, 24576, 276.42
2026/08/10 04:14:11.932, 1, 91, 24094, 24576, 311.18
2026/08/10 04:14:11.932, 2, 91, 23390, 24576, 270.95
2026/08/10 04:14:16.933, 0, 93, 23754, 24576, 308.20
2026/08/10 04:14:16.933, 1, 83, 24058, 24576, 306.79
2026/08/10 04:14:16.934, 2, 83, 23372, 24576, 299.49
2026/08/10 04:14:21.935, 0, 100, 20534, 24576, 301.69
2026/08/10 04:14:21.935, 1, 100, 20094, 24576, 302.70
2026/08/10 04:14:21.936, 2, 100, 19412, 24576, 301.95
2026/08/10 04:14:26.936, 0, 89, 16992, 24576, 295.35
2026/08/10 04:14:26.937, 1, 100, 24112, 24576, 273.29
2026/08/10 04:14:26.937, 2, 97, 16232, 24576, 275.03
2026/08/10 04:14:31.938, 0, 100, 22670, 24576, 339.98
2026/08/10 04:14:31.939, 1, 91, 22912, 24576, 341.49
2026/08/10 04:14:31.940, 2, 100, 23652, 24576, 340.41
2026/08/10 04:14:36.941, 0, 91, 22394, 24576, 280.05
2026/08/10 04:14:36.941, 1, 91, 22454, 24576, 269.18
2026/08/10 04:14:36.942, 2, 91, 20374, 24576, 307.79
2026/08/10 04:14:41.943, 0, 99, 17210, 24576, 310.31
2026/08/10 04:14:41.944, 1, 94, 16810, 24576, 298.29
2026/08/10 04:14:41.945, 2, 99, 22518, 24576, 297.33
2026/08/10 04:14:46.946, 0, 92, 24212, 24576, 328.34
2026/08/10 04:14:46.946, 1, 91, 23412, 24576, 334.65
2026/08/10 04:14:46.947, 2, 92, 22930, 24576, 325.14
2026/08/10 04:14:51.948, 0, 99, 23114, 24576, 314.57
2026/08/10 04:14:51.948, 1, 98, 23610, 24576, 294.91
2026/08/10 04:14:51.949, 2, 99, 23218, 24576, 306.60
2026/08/10 04:14:56.950, 0, 100, 17512, 24576, 307.91
2026/08/10 04:14:56.951, 1, 99, 16972, 24576, 304.14
2026/08/10 04:14:56.952, 2, 99, 23998, 24576, 311.43
2026/08/10 04:15:01.952, 0, 100, 23572, 24576, 339.50
2026/08/10 04:15:01.953, 1, 91, 23654, 24576, 329.20
2026/08/10 04:15:01.953, 2, 91, 23752, 24576, 324.15
2026/08/10 04:15:06.954, 0, 100, 23194, 24576, 314.22
2026/08/10 04:15:06.955, 1, 90, 20298, 24576, 306.30
2026/08/10 04:15:06.956, 2, 83, 19532, 24576, 306.93
2026/08/10 04:15:11.956, 0, 77, 23478, 24576, 281.64
2026/08/10 04:15:11.957, 1, 86, 21530, 24576, 268.34
2026/08/10 04:15:11.957, 2, 100, 21712, 24576, 268.79
2026/08/10 04:15:16.958, 0, 100, 23450, 24576, 310.28
2026/08/10 04:15:16.959, 1, 100, 23994, 24576, 318.24
2026/08/10 04:15:16.959, 2, 91, 20574, 24576, 310.85
2026/08/10 04:15:21.960, 0, 100, 23976, 24576, 286.92
2026/08/10 04:15:21.961, 1, 100, 23012, 24576, 312.28
2026/08/10 04:15:21.961, 2, 91, 21658, 24576, 293.96
2026/08/10 04:15:26.962, 0, 98, 23514, 24576, 305.16
2026/08/10 04:15:26.963, 1, 97, 23298, 24576, 313.13
2026/08/10 04:15:26.964, 2, 100, 22974, 24576, 292.78
2026/08/10 04:15:31.964, 0, 98, 22952, 24576, 336.18
2026/08/10 04:15:31.965, 1, 100, 22712, 24576, 341.14
2026/08/10 04:15:31.966, 2, 98, 23632, 24576, 325.51
2026/08/10 04:15:36.967, 0, 91, 23256, 24576, 302.09
2026/08/10 04:15:36.967, 1, 91, 22690, 24576, 313.92
2026/08/10 04:15:36.968, 2, 90, 23492, 24576, 305.52
2026/08/10 04:15:41.969, 0, 100, 21610, 24576, 296.04
2026/08/10 04:15:41.969, 1, 94, 24252, 24576, 295.39
2026/08/10 04:15:41.970, 2, 84, 22674, 24576, 290.32
2026/08/10 04:15:46.971, 0, 98, 22372, 24576, 289.71
2026/08/10 04:15:46.971, 1, 98, 23172, 24576, 305.76
2026/08/10 04:15:46.972, 2, 98, 24012, 24576, 297.38
2026/08/10 04:15:51.975, 0, 93, 23598, 24576, 301.45
2026/08/10 04:15:51.976, 1, 91, 22472, 24576, 313.36
2026/08/10 04:15:51.977, 2, 100, 23896, 24576, 308.27
2026/08/10 04:15:56.978, 0, 80, 23572, 24576, 274.07
2026/08/10 04:15:56.979, 1, 84, 23014, 24576, 312.80
2026/08/10 04:15:56.979, 2, 81, 24236, 24576, 304.44
2026/08/10 04:16:01.980, 0, 99, 22712, 24576, 300.61
2026/08/10 04:16:01.981, 1, 98, 22912, 24576, 311.20
2026/08/10 04:16:01.981, 2, 95, 18712, 24576, 310.01
2026/08/10 04:16:06.982, 0, 91, 20450, 24576, 272.45
2026/08/10 04:16:06.983, 1, 89, 13132, 24576, 230.75
2026/08/10 04:16:06.983, 2, 96, 20034, 24576, 272.85
2026/08/10 04:16:11.984, 0, 100, 22650, 24576, 295.96
2026/08/10 04:16:11.984, 1, 98, 17260, 24576, 316.39
2026/08/10 04:16:11.985, 2, 100, 23974, 24576, 305.84
2026/08/10 04:16:16.986, 0, 92, 17212, 24576, 273.88
2026/08/10 04:16:16.987, 1, 98, 22216, 24576, 301.14
2026/08/10 04:16:16.987, 2, 99, 23570, 24576, 272.64
2026/08/10 04:16:21.988, 0, 92, 22714, 24576, 265.54
2026/08/10 04:16:21.989, 1, 92, 23272, 24576, 271.61
2026/08/10 04:16:21.989, 2, 92, 22470, 24576, 273.26
2026/08/10 04:16:26.990, 0, 93, 16072, 24576, 274.74
2026/08/10 04:16:26.991, 1, 98, 23992, 24576, 270.99
2026/08/10 04:16:26.992, 2, 97, 16926, 24576, 270.89
2026/08/10 04:16:31.993, 0, 94, 21598, 24576, 340.36
2026/08/10 04:16:31.994, 1, 91, 23592, 24576, 307.90
2026/08/10 04:16:31.994, 2, 91, 23754, 24576, 299.48
2026/08/10 04:16:36.995, 0, 91, 17734, 24576, 291.40
2026/08/10 04:16:36.996, 1, 100, 22934, 24576, 288.39
2026/08/10 04:16:36.996, 2, 100, 22734, 24576, 287.49
2026/08/10 04:16:41.997, 0, 100, 21002, 24576, 311.32
2026/08/10 04:16:41.998, 1, 100, 21100, 24576, 314.28
2026/08/10 04:16:41.999, 2, 100, 22974, 24576, 302.87
2026/08/10 04:16:47.000, 0, 100, 22830, 24576, 310.20
2026/08/10 04:16:47.000, 1, 100, 22970, 24576, 314.35
2026/08/10 04:16:47.001, 2, 92, 22292, 24576, 301.73
2026/08/10 04:16:52.002, 0, 82, 21250, 24576, 297.71
2026/08/10 04:16:52.003, 1, 100, 21610, 24576, 301.90
2026/08/10 04:16:52.003, 2, 84, 22716, 24576, 298.97
2026/08/10 04:16:57.004, 0, 100, 20154, 24576, 331.48
2026/08/10 04:16:57.005, 1, 90, 23430, 24576, 341.83
2026/08/10 04:16:57.005, 2, 100, 22916, 24576, 335.91
2026/08/10 04:17:02.006, 0, 100, 19952, 24576, 300.88
2026/08/10 04:17:02.006, 1, 96, 22896, 24576, 318.91
2026/08/10 04:17:02.007, 2, 100, 23252, 24576, 303.30
2026/08/10 04:17:07.008, 0, 100, 23310, 24576, 290.00
2026/08/10 04:17:07.008, 1, 98, 24032, 24576, 318.56
2026/08/10 04:17:07.009, 2, 91, 23836, 24576, 305.22
2026/08/10 04:17:12.010, 0, 91, 23054, 24576, 313.66
2026/08/10 04:17:12.010, 1, 87, 23932, 24576, 305.31
2026/08/10 04:17:12.011, 2, 90, 23312, 24576, 301.29
2026/08/10 04:17:17.012, 0, 98, 23434, 24576, 312.93
2026/08/10 04:17:17.013, 1, 100, 21832, 24576, 289.11
2026/08/10 04:17:17.013, 2, 98, 23310, 24576, 291.08
2026/08/10 04:17:22.014, 0, 87, 19894, 24576, 284.73
2026/08/10 04:17:22.015, 1, 93, 20294, 24576, 281.73
2026/08/10 04:17:22.016, 2, 100, 23476, 24576, 289.37
2026/08/10 04:17:27.016, 0, 91, 23054, 24576, 311.39
2026/08/10 04:17:27.017, 1, 91, 23934, 24576, 313.19
2026/08/10 04:17:27.017, 2, 91, 22876, 24576, 304.01
2026/08/10 04:17:32.018, 0, 99, 18736, 24576, 289.68
2026/08/10 04:17:32.019, 1, 91, 18008, 24576, 296.36
2026/08/10 04:17:32.020, 2, 100, 23612, 24576, 276.04
2026/08/10 04:17:37.021, 0, 98, 22630, 24576, 306.91
2026/08/10 04:17:37.022, 1, 100, 20374, 24576, 317.02
2026/08/10 04:17:37.026, 2, 98, 23172, 24576, 293.36
2026/08/10 04:17:42.027, 0, 100, 22792, 24576, 313.89
2026/08/10 04:17:42.027, 1, 91, 19634, 24576, 310.35
2026/08/10 04:17:42.028, 2, 91, 22612, 24576, 309.39
2026/08/10 04:17:47.029, 0, 82, 23512, 24576, 294.65
2026/08/10 04:17:47.029, 1, 98, 22054, 24576, 332.30
2026/08/10 04:17:47.030, 2, 100, 22972, 24576, 299.42
2026/08/10 04:17:52.030, 0, 93, 16830, 24576, 279.83
2026/08/10 04:17:52.031, 1, 99, 23032, 24576, 304.36
2026/08/10 04:17:52.032, 2, 100, 23210, 24576, 294.53
2026/08/10 04:17:57.033, 0, 100, 23830, 24576, 273.89
2026/08/10 04:17:57.033, 1, 100, 23096, 24576, 288.75
2026/08/10 04:17:57.034, 2, 100, 22570, 24576, 269.22
2026/08/10 04:18:02.035, 0, 95, 15330, 24576, 258.55
2026/08/10 04:18:02.035, 1, 100, 22952, 24576, 301.33
2026/08/10 04:18:02.036, 2, 94, 19714, 24576, 312.18
2026/08/10 04:18:07.037, 0, 100, 21054, 24576, 295.63
2026/08/10 04:18:07.038, 1, 91, 21094, 24576, 308.38
2026/08/10 04:18:07.038, 2, 91, 23516, 24576, 294.92
2026/08/10 04:18:12.039, 0, 87, 16992, 24576, 308.93
2026/08/10 04:18:12.040, 1, 95, 17074, 24576, 306.34
2026/08/10 04:18:12.041, 2, 99, 23212, 24576, 302.62
2026/08/10 04:18:17.042, 0, 100, 17192, 24576, 310.17
2026/08/10 04:18:17.042, 1, 92, 22852, 24576, 306.68
2026/08/10 04:18:17.043, 2, 100, 23372, 24576, 281.45
2026/08/10 04:18:22.043, 0, 100, 23656, 24576, 305.86
2026/08/10 04:18:22.044, 1, 100, 19572, 24576, 301.40
2026/08/10 04:18:22.044, 2, 91, 22534, 24576, 296.45
2026/08/10 04:18:27.045, 0, 100, 22994, 24576, 338.26
2026/08/10 04:18:27.046, 1, 100, 23096, 24576, 341.98
2026/08/10 04:18:27.047, 2, 100, 23554, 24576, 338.70
2026/08/10 04:18:32.047, 0, 100, 22832, 24576, 331.09
2026/08/10 04:18:32.048, 1, 100, 22694, 24576, 336.41
2026/08/10 04:18:32.049, 2, 100, 23876, 24576, 346.55
2026/08/10 04:18:37.050, 0, 91, 22772, 24576, 297.21
2026/08/10 04:18:37.050, 1, 90, 22550, 24576, 304.60
2026/08/10 04:18:37.051, 2, 91, 23914, 24576, 289.47
2026/08/10 04:18:42.051, 0, 98, 22952, 24576, 320.47
2026/08/10 04:18:42.052, 1, 100, 22832, 24576, 325.68
2026/08/10 04:18:42.053, 2, 98, 23772, 24576, 324.77
2026/08/10 04:18:47.053, 0, 100, 21752, 24576, 267.58
2026/08/10 04:18:47.054, 1, 83, 21090, 24576, 269.56
2026/08/10 04:18:47.054, 2, 93, 22838, 24576, 262.56
2026/08/10 04:18:52.056, 0, 100, 22552, 24576, 340.56
2026/08/10 04:18:52.056, 1, 91, 22876, 24576, 339.26
2026/08/10 04:18:52.057, 2, 100, 22634, 24576, 339.87
2026/08/10 04:18:57.058, 0, 99, 16714, 24576, 299.25
2026/08/10 04:18:57.058, 1, 100, 23712, 24576, 291.80
2026/08/10 04:18:57.059, 2, 100, 23232, 24576, 282.65
2026/08/10 04:19:02.060, 0, 86, 16948, 24576, 270.63
2026/08/10 04:19:02.063, 1, 86, 16868, 24576, 264.02
2026/08/10 04:19:02.064, 2, 94, 19248, 24576, 261.14
2026/08/10 04:19:07.064, 0, 100, 23912, 24576, 318.95
2026/08/10 04:19:07.065, 1, 91, 24114, 24576, 343.08
2026/08/10 04:19:07.065, 2, 92, 22690, 24576, 305.44
2026/08/10 04:19:12.066, 0, 99, 22456, 24576, 288.71
2026/08/10 04:19:12.067, 1, 89, 17652, 24576, 279.66
2026/08/10 04:19:12.067, 2, 100, 22432, 24576, 274.55
2026/08/10 04:19:17.068, 0, 100, 22894, 24576, 285.37
2026/08/10 04:19:17.069, 1, 100, 23092, 24576, 300.39
2026/08/10 04:19:17.069, 2, 95, 18898, 24576, 298.04
2026/08/10 04:19:22.070, 0, 96, 15410, 24576, 274.29
2026/08/10 04:19:22.071, 1, 91, 22592, 24576, 315.36
2026/08/10 04:19:22.072, 2, 93, 24038, 24576, 308.45
2026/08/10 04:19:27.073, 0, 100, 22994, 24576, 300.20
2026/08/10 04:19:27.073, 1, 99, 24232, 24576, 304.54
2026/08/10 04:19:27.074, 2, 90, 15894, 24576, 302.42
2026/08/10 04:19:32.075, 0, 99, 16360, 24576, 302.49
2026/08/10 04:19:32.075, 1, 100, 24214, 24576, 291.81
2026/08/10 04:19:32.076, 2, 100, 23992, 24576, 298.72
2026/08/10 04:19:37.077, 0, 100, 22532, 24576, 305.28
2026/08/10 04:19:37.077, 1, 94, 22976, 24576, 304.36
2026/08/10 04:19:37.078, 2, 92, 22692, 24576, 307.51
2026/08/10 04:19:42.078, 0, 92, 15314, 24576, 274.99
2026/08/10 04:19:42.079, 1, 100, 21874, 24576, 282.57
2026/08/10 04:19:42.079, 2, 100, 22996, 24576, 295.35
2026/08/10 04:19:47.080, 0, 100, 23432, 24576, 281.12
2026/08/10 04:19:47.081, 1, 93, 17466, 24576, 272.86
2026/08/10 04:19:47.082, 2, 90, 18126, 24576, 278.48
2026/08/10 04:19:52.083, 0, 98, 22072, 24576, 269.99
2026/08/10 04:19:52.084, 1, 90, 17212, 24576, 283.24
2026/08/10 04:19:52.084, 2, 99, 23232, 24576, 299.39
2026/08/10 04:19:57.085, 0, 98, 20616, 24576, 337.25
2026/08/10 04:19:57.086, 1, 91, 23236, 24576, 340.48
2026/08/10 04:19:57.086, 2, 91, 22294, 24576, 328.55
2026/08/10 04:20:02.087, 0, 93, 15412, 24576, 252.66
2026/08/10 04:20:02.088, 1, 100, 22856, 24576, 304.29
2026/08/10 04:20:02.088, 2, 100, 19138, 24576, 305.64
2026/08/10 04:20:07.089, 0, 97, 20214, 24576, 300.10
2026/08/10 04:20:07.089, 1, 100, 20110, 24576, 280.02
2026/08/10 04:20:07.090, 2, 100, 23494, 24576, 288.90
2026/08/10 04:20:12.094, 0, 94, 17696, 24576, 301.57
2026/08/10 04:20:12.094, 1, 98, 21990, 24576, 298.70
2026/08/10 04:20:12.095, 2, 92, 19052, 24576, 309.65
2026/08/10 04:20:17.096, 0, 100, 22996, 24576, 309.77
2026/08/10 04:20:17.097, 1, 94, 17412, 24576, 314.30
2026/08/10 04:20:17.098, 2, 100, 22716, 24576, 305.64
2026/08/10 04:20:22.098, 0, 91, 16932, 24576, 285.79
2026/08/10 04:20:22.099, 1, 99, 23152, 24576, 286.46
2026/08/10 04:20:22.100, 2, 99, 22214, 24576, 288.24
2026/08/10 04:20:27.101, 0, 100, 23334, 24576, 317.04
2026/08/10 04:20:27.101, 1, 100, 20174, 24576, 318.65
2026/08/10 04:20:27.102, 2, 93, 23098, 24576, 324.56
2026/08/10 04:20:32.102, 0, 93, 16116, 24576, 284.62
2026/08/10 04:20:32.103, 1, 98, 23574, 24576, 321.98
2026/08/10 04:20:32.103, 2, 98, 23172, 24576, 323.27
2026/08/10 04:20:37.105, 0, 100, 22412, 24576, 293.65
2026/08/10 04:20:37.105, 1, 100, 20880, 24576, 318.80
2026/08/10 04:20:37.106, 2, 96, 19012, 24576, 295.43
2026/08/10 04:20:42.107, 0, 100, 21650, 24576, 279.01
2026/08/10 04:20:42.107, 1, 100, 19112, 24576, 296.29
2026/08/10 04:20:42.108, 2, 100, 23130, 24576, 287.35
2026/08/10 04:20:47.109, 0, 98, 21756, 24576, 283.87
2026/08/10 04:20:47.109, 1, 100, 23552, 24576, 308.88
2026/08/10 04:20:47.110, 2, 98, 23156, 24576, 294.33
2026/08/10 04:20:52.111, 0, 100, 12790, 24576, 274.21
2026/08/10 04:20:52.111, 1, 91, 24132, 24576, 341.48
2026/08/10 04:20:52.112, 2, 91, 23954, 24576, 312.49
2026/08/10 04:20:57.112, 0, 87, 23516, 24576, 301.68
2026/08/10 04:20:57.113, 1, 82, 22110, 24576, 294.55
2026/08/10 04:20:57.113, 2, 100, 22436, 24576, 303.38
2026/08/10 04:21:02.114, 0, 100, 20610, 24576, 290.60
2026/08/10 04:21:02.115, 1, 100, 20452, 24576, 288.49
2026/08/10 04:21:02.116, 2, 91, 17694, 24576, 299.35
2026/08/10 04:21:07.117, 0, 100, 16914, 24576, 275.99
2026/08/10 04:21:07.117, 1, 100, 21176, 24576, 271.83
2026/08/10 04:21:07.118, 2, 95, 23734, 24576, 258.30
2026/08/10 04:21:12.119, 0, 84, 23676, 24576, 302.61
2026/08/10 04:21:12.120, 1, 83, 23910, 24576, 262.12
2026/08/10 04:21:12.120, 2, 84, 23378, 24576, 256.58
2026/08/10 04:21:17.121, 0, 100, 23698, 24576, 282.52
2026/08/10 04:21:17.122, 1, 88, 23732, 24576, 309.08
2026/08/10 04:21:17.122, 2, 99, 22412, 24576, 301.07
2026/08/10 04:21:22.123, 0, 99, 24112, 24576, 335.35
2026/08/10 04:21:22.124, 1, 100, 22714, 24576, 344.86
2026/08/10 04:21:22.124, 2, 91, 22792, 24576, 340.53
2026/08/10 04:21:27.125, 0, 100, 22516, 24576, 333.98
2026/08/10 04:21:27.126, 1, 98, 23632, 24576, 324.60
2026/08/10 04:21:27.126, 2, 100, 23190, 24576, 318.36
2026/08/10 04:21:32.127, 0, 92, 22812, 24576, 273.67
2026/08/10 04:21:32.128, 1, 93, 23512, 24576, 269.99
2026/08/10 04:21:32.128, 2, 91, 23634, 24576, 269.20
2026/08/10 04:21:37.129, 0, 100, 22614, 24576, 315.05
2026/08/10 04:21:37.129, 1, 100, 17672, 24576, 317.86
2026/08/10 04:21:37.130, 2, 100, 23696, 24576, 320.00
2026/08/10 04:21:42.131, 0, 99, 23096, 24576, 294.73
2026/08/10 04:21:42.132, 1, 90, 17452, 24576, 310.84
2026/08/10 04:21:42.132, 2, 99, 22312, 24576, 299.70
2026/08/10 04:21:47.133, 0, 100, 19958, 24576, 318.71
2026/08/10 04:21:47.134, 1, 91, 23514, 24576, 317.53
2026/08/10 04:21:47.134, 2, 100, 23192, 24576, 322.83
2026/08/10 04:21:52.135, 0, 100, 23876, 24576, 297.34
2026/08/10 04:21:52.136, 1, 97, 15024, 24576, 289.41
2026/08/10 04:21:52.136, 2, 100, 23120, 24576, 278.23
2026/08/10 04:21:57.137, 0, 98, 23150, 24576, 305.65
2026/08/10 04:21:57.138, 1, 97, 23654, 24576, 305.05
2026/08/10 04:21:57.138, 2, 98, 23096, 24576, 284.92
2026/08/10 04:22:02.139, 0, 91, 23432, 24576, 341.08
2026/08/10 04:22:02.140, 1, 91, 22634, 24576, 331.39
2026/08/10 04:22:02.141, 2, 91, 24056, 24576, 344.78
2026/08/10 04:22:07.142, 0, 83, 23060, 24576, 318.15
2026/08/10 04:22:07.142, 1, 100, 23530, 24576, 290.12
2026/08/10 04:22:07.143, 2, 90, 23274, 24576, 307.80
2026/08/10 04:22:12.144, 0, 97, 15412, 24576, 288.74
2026/08/10 04:22:12.144, 1, 100, 21374, 24576, 275.08
2026/08/10 04:22:12.145, 2, 100, 22536, 24576, 269.13
2026/08/10 04:22:17.146, 0, 96, 22590, 24576, 293.00
2026/08/10 04:22:17.146, 1, 91, 24252, 24576, 309.45
2026/08/10 04:22:17.147, 2, 91, 22836, 24576, 301.46
2026/08/10 04:22:22.148, 0, 78, 22230, 24576, 278.20
2026/08/10 04:22:22.148, 1, 98, 23272, 24576, 291.42
2026/08/10 04:22:22.149, 2, 100, 22812, 24576, 291.08
2026/08/10 04:22:27.150, 0, 100, 23032, 24576, 281.92
2026/08/10 04:22:27.150, 1, 87, 20374, 24576, 281.47
2026/08/10 04:22:27.151, 2, 100, 23336, 24576, 274.83
2026/08/10 04:22:32.152, 0, 100, 16350, 24576, 286.11
2026/08/10 04:22:32.152, 1, 98, 21774, 24576, 311.30
2026/08/10 04:22:32.153, 2, 100, 22794, 24576, 261.47
2026/08/10 04:22:37.154, 0, 91, 23310, 24576, 310.30
2026/08/10 04:22:37.155, 1, 100, 22188, 24576, 305.34
2026/08/10 04:22:37.155, 2, 91, 24122, 24576, 306.99
2026/08/10 04:22:42.156, 0, 96, 16792, 24576, 267.91
2026/08/10 04:22:42.158, 1, 100, 21870, 24576, 314.17
2026/08/10 04:22:42.158, 2, 100, 23134, 24576, 270.24
2026/08/10 04:22:47.159, 0, 81, 22892, 24576, 294.50
2026/08/10 04:22:47.159, 1, 100, 23112, 24576, 308.21
2026/08/10 04:22:47.160, 2, 81, 22332, 24576, 284.87
2026/08/10 04:22:52.161, 0, 98, 22952, 24576, 313.25
2026/08/10 04:22:52.161, 1, 100, 17392, 24576, 308.20
2026/08/10 04:22:52.162, 2, 100, 23092, 24576, 302.61
2026/08/10 04:22:57.163, 0, 96, 22476, 24576, 308.15
2026/08/10 04:22:57.163, 1, 100, 23112, 24576, 300.97
2026/08/10 04:22:57.164, 2, 92, 22434, 24576, 298.68
2026/08/10 04:23:02.165, 0, 98, 22550, 24576, 295.04
2026/08/10 04:23:02.166, 1, 98, 23560, 24576, 323.67
2026/08/10 04:23:02.166, 2, 98, 23894, 24576, 310.94
2026/08/10 04:23:07.167, 0, 100, 23074, 24576, 335.60
2026/08/10 04:23:07.168, 1, 94, 15650, 24576, 293.29
2026/08/10 04:23:07.168, 2, 100, 22990, 24576, 333.81
2026/08/10 04:23:12.169, 0, 98, 23492, 24576, 314.07
2026/08/10 04:23:12.170, 1, 100, 23174, 24576, 316.05
2026/08/10 04:23:12.170, 2, 98, 23292, 24576, 316.00
2026/08/10 04:23:17.171, 0, 100, 20834, 24576, 310.14
2026/08/10 04:23:17.172, 1, 91, 24256, 24576, 296.56
2026/08/10 04:23:17.172, 2, 92, 23954, 24576, 304.36
2026/08/10 04:23:22.174, 0, 100, 23192, 24576, 311.72
2026/08/10 04:23:22.174, 1, 91, 22594, 24576, 314.08
2026/08/10 04:23:22.175, 2, 91, 23292, 24576, 296.28
2026/08/10 04:23:27.176, 0, 100, 22294, 24576, 277.29
2026/08/10 04:23:27.176, 1, 100, 22576, 24576, 341.12
2026/08/10 04:23:27.177, 2, 100, 23276, 24576, 292.74
2026/08/10 04:23:32.177, 0, 91, 22852, 24576, 334.98
2026/08/10 04:23:32.179, 1, 100, 22254, 24576, 329.42
2026/08/10 04:23:32.179, 2, 100, 23974, 24576, 343.78
2026/08/10 04:23:37.180, 0, 91, 23192, 24576, 305.06
2026/08/10 04:23:37.181, 1, 99, 20574, 24576, 315.54
2026/08/10 04:23:37.181, 2, 100, 23416, 24576, 289.83
2026/08/10 04:23:42.182, 0, 100, 22712, 24576, 278.28
2026/08/10 04:23:42.182, 1, 100, 23114, 24576, 312.15
2026/08/10 04:23:42.183, 2, 91, 23132, 24576, 267.44
2026/08/10 04:23:47.184, 0, 91, 22936, 24576, 303.39
2026/08/10 04:23:47.184, 1, 91, 21636, 24576, 300.52
2026/08/10 04:23:47.185, 2, 100, 23352, 24576, 286.77
2026/08/10 04:23:52.186, 0, 99, 22792, 24576, 275.53
2026/08/10 04:23:52.186, 1, 100, 23174, 24576, 290.78
2026/08/10 04:23:52.187, 2, 98, 23554, 24576, 285.05
2026/08/10 04:23:57.188, 0, 100, 23158, 24576, 297.56
2026/08/10 04:23:57.189, 1, 99, 20296, 24576, 303.28
2026/08/10 04:23:57.189, 2, 100, 22954, 24576, 305.35
2026/08/10 04:24:02.190, 0, 100, 23254, 24576, 313.08
2026/08/10 04:24:02.191, 1, 100, 23616, 24576, 307.88
2026/08/10 04:24:02.191, 2, 100, 17276, 24576, 329.53
2026/08/10 04:24:07.192, 0, 100, 22730, 24576, 283.66
2026/08/10 04:24:07.193, 1, 100, 23176, 24576, 290.80
2026/08/10 04:24:07.193, 2, 96, 15752, 24576, 274.29
2026/08/10 04:24:12.194, 0, 100, 22974, 24576, 322.20
2026/08/10 04:24:12.194, 1, 100, 22572, 24576, 322.65
2026/08/10 04:24:12.195, 2, 100, 23394, 24576, 328.17
2026/08/10 04:24:17.196, 0, 100, 17192, 24576, 309.59
2026/08/10 04:24:17.197, 1, 100, 16674, 24576, 301.38
2026/08/10 04:24:17.197, 2, 100, 23050, 24576, 295.29
2026/08/10 04:24:22.198, 0, 91, 23274, 24576, 344.86
2026/08/10 04:24:22.199, 1, 91, 22996, 24576, 342.53
2026/08/10 04:24:22.199, 2, 91, 23092, 24576, 341.52
2026/08/10 04:24:27.200, 0, 98, 22312, 24576, 284.32
2026/08/10 04:24:27.201, 1, 100, 23152, 24576, 302.95
2026/08/10 04:24:27.202, 2, 100, 23432, 24576, 282.02
2026/08/10 04:24:32.203, 0, 91, 23092, 24576, 342.28
2026/08/10 04:24:32.203, 1, 98, 22812, 24576, 340.14
2026/08/10 04:24:32.204, 2, 100, 22772, 24576, 334.80
2026/08/10 04:24:37.204, 0, 100, 22932, 24576, 282.91
2026/08/10 04:24:37.205, 1, 100, 23476, 24576, 294.69
2026/08/10 04:24:37.205, 2, 88, 17814, 24576, 286.43
2026/08/10 04:24:42.213, 0, 91, 22634, 24576, 309.49
2026/08/10 04:24:42.214, 1, 91, 23352, 24576, 303.69
2026/08/10 04:24:42.215, 2, 91, 24214, 24576, 308.35
2026/08/10 04:24:47.216, 0, 92, 16674, 24576, 290.60
2026/08/10 04:24:47.216, 1, 88, 16534, 24576, 297.20
2026/08/10 04:24:47.217, 2, 99, 22994, 24576, 280.66
2026/08/10 04:24:52.218, 0, 100, 24212, 24576, 281.24
2026/08/10 04:24:52.218, 1, 100, 22714, 24576, 291.04
2026/08/10 04:24:52.219, 2, 89, 15970, 24576, 284.29
2026/08/10 04:24:57.220, 0, 100, 23556, 24576, 302.02
2026/08/10 04:24:57.220, 1, 98, 16474, 24576, 273.49
2026/08/10 04:24:57.221, 2, 100, 23654, 24576, 287.36
2026/08/10 04:25:02.222, 0, 87, 16328, 24576, 270.91
2026/08/10 04:25:02.222, 1, 89, 16970, 24576, 271.39
2026/08/10 04:25:02.223, 2, 99, 22888, 24576, 282.44
2026/08/10 04:25:07.224, 0, 91, 23716, 24576, 316.90
2026/08/10 04:25:07.224, 1, 91, 23294, 24576, 286.89
2026/08/10 04:25:07.225, 2, 100, 23278, 24576, 310.39
2026/08/10 04:25:12.226, 0, 100, 23192, 24576, 289.47
2026/08/10 04:25:12.227, 1, 100, 23014, 24576, 301.95
2026/08/10 04:25:12.227, 2, 94, 17878, 24576, 283.93
2026/08/10 04:25:17.228, 0, 100, 23014, 24576, 336.85
2026/08/10 04:25:17.229, 1, 90, 15916, 24576, 283.39
2026/08/10 04:25:17.229, 2, 92, 23412, 24576, 333.05
2026/08/10 04:25:22.230, 0, 89, 17132, 24576, 278.87
2026/08/10 04:25:22.230, 1, 91, 16592, 24576, 264.71
2026/08/10 04:25:22.231, 2, 97, 18652, 24576, 262.17
2026/08/10 04:25:27.232, 0, 100, 23214, 24576, 313.07
2026/08/10 04:25:27.232, 1, 100, 16672, 24576, 298.76
2026/08/10 04:25:27.233, 2, 100, 23012, 24576, 293.54
2026/08/10 04:25:32.234, 0, 100, 17700, 24576, 300.77
2026/08/10 04:25:32.234, 1, 100, 22894, 24576, 310.54
2026/08/10 04:25:32.235, 2, 100, 23000, 24576, 293.97
2026/08/10 04:25:37.236, 0, 95, 15874, 24576, 284.23
2026/08/10 04:25:37.237, 1, 100, 22532, 24576, 275.09
2026/08/10 04:25:37.237, 2, 100, 22854, 24576, 282.70
2026/08/10 04:25:42.238, 0, 85, 20434, 24576, 314.12
2026/08/10 04:25:42.239, 1, 89, 21376, 24576, 299.01
2026/08/10 04:25:42.240, 2, 98, 22214, 24576, 283.91
2026/08/10 04:25:47.240, 0, 0, 20434, 24576, 130.60
2026/08/10 04:25:47.241, 1, 0, 21376, 24576, 151.33
2026/08/10 04:25:47.241, 2, 0, 22214, 24576, 137.62
2026/08/10 04:25:52.242, 0, 0, 20434, 24576, 125.33
2026/08/10 04:25:52.243, 1, 0, 21376, 24576, 123.76
2026/08/10 04:25:52.243, 2, 0, 22214, 24576, 120.39
2026/08/10 04:25:57.244, 0, 0, 20434, 24576, 122.44
2026/08/10 04:25:57.244, 1, 0, 21376, 24576, 119.28
2026/08/10 04:25:57.245, 2, 0, 22214, 24576, 117.87
2026/08/10 04:26:02.245, 0, 0, 20434, 24576, 91.25
2026/08/10 04:26:02.246, 1, 0, 21376, 24576, 56.83
2026/08/10 04:26:02.246, 2, 0, 22214, 24576, 57.13
