layer,lora_scaling,effective_start_l2,effective_current_l2,effective_delta_l2,effective_relative_delta
model.layers.17.mlp.gate_proj,2.0,2.412729926344689,2.412678837447798,0.0018269811458857135,0.0007572257159563686
model.layers.26.mlp.gate_proj,2.0,2.5733655056729416,2.573514943442827,0.0018269811458857135,0.0007099578904971579
model.layers.23.mlp.gate_proj,2.0,2.5178499985026344,2.5178184660904437,0.0018269811458857135,0.0007256115920218517
model.layers.25.mlp.gate_proj,2.0,2.690728222576062,2.690712007362992,0.0018269811458857135,0.0006789913342257174
model.layers.19.mlp.gate_proj,2.0,2.618313948350905,2.618357291626987,0.0016914558667664816,0.0006460095695673977
model.layers.21.mlp.gate_proj,2.0,2.453736733134973,2.453625767614373,0.0016914558667664816,0.0006893387721369046
model.layers.24.mlp.up_proj,2.0,2.2700159077360036,2.2698749538043286,0.0016914558667664816,0.0007451295213404263
model.layers.22.mlp.gate_proj,2.0,2.5379790356599123,2.5378849057072506,0.0016914558667664816,0.0006664577772316696
model.layers.18.mlp.gate_proj,2.0,2.3398653516584242,2.339693959429631,0.0016914558667664816,0.0007228859838313474
model.layers.24.mlp.gate_proj,2.0,2.6560711968772335,2.6561017163344194,0.0016914558667664816,0.0006368262525323649
model.layers.7.mlp.gate_proj,2.0,2.0669108533676637,2.06685640735644,0.0016914558667664816,0.0008183496951552386
model.layers.3.mlp.gate_proj,2.0,2.331932283023549,2.3320686682378082,0.0016914558667664816,0.0007253451908017521
model.layers.16.mlp.gate_proj,2.0,2.1503588044378747,2.150252362898739,0.0016914558667664816,0.0007865923878729834
model.layers.13.mlp.gate_proj,2.0,2.112986658685164,2.1130345001292743,0.0016914558667664816,0.0008005047546391107
model.layers.15.mlp.gate_proj,2.0,2.1847089127495374,2.184971356062304,0.0015440808887540916,0.0007067673316766069
model.layers.1.mlp.gate_proj,2.0,2.0341011577946664,2.034189650007109,0.0015440808887540916,0.0007590973943636877
model.layers.20.mlp.gate_proj,2.0,2.5801768143265833,2.580005768909954,0.0015440808887540916,0.0005984399519368175
model.layers.11.mlp.gate_proj,2.0,1.9005865797771497,1.9006278506467416,0.0015440808887540916,0.0008124233356078628
model.layers.12.mlp.gate_proj,2.0,2.1190223766331773,2.1188813925543095,0.0015440808887540916,0.0007286760658032383
model.layers.0.mlp.gate_proj,2.0,2.53313554778069,2.533101382010153,0.0015440808887540916,0.000609553203778171
model.layers.2.mlp.gate_proj,2.0,2.040352950137013,2.040387888476874,0.0015440808887540916,0.0007567714638050264
model.layers.25.mlp.up_proj,2.0,2.396928045091201,2.3967604349899374,0.0015440808887540916,0.0006441915901131445
model.layers.26.mlp.up_proj,2.0,2.25370409503549,2.253512925020592,0.0015440808887540916,0.0006851302671701345
model.layers.20.mlp.up_proj,2.0,1.8782568302951907,1.8782692065232454,0.00146484375,0.0007798953403884506
model.layers.10.mlp.gate_proj,2.0,1.9959450981792257,1.996053378001097,0.00146484375,0.0007339098411756336
model.layers.14.mlp.gate_proj,2.0,2.0088053226508293,2.0086818846362338,0.0013810679320049757,0.000687507105060092
model.layers.6.mlp.gate_proj,2.0,2.010643532821435,2.010589460415159,0.0013810679320049757,0.0006868785587602356
model.layers.27.mlp.gate_proj,2.0,2.2103465877813044,2.2103802413408005,0.0013810679320049757,0.0006248196276726267
model.layers.4.mlp.gate_proj,2.0,1.8950006591674946,1.8951159017543369,0.0013810679320049757,0.0007287954889745009
model.layers.5.mlp.gate_proj,2.0,1.869494812192246,1.8696229764735228,0.0013810679320049757,0.0007387385741849046
model.layers.8.mlp.gate_proj,2.0,1.9331504853150727,1.9330313432997088,0.0013810679320049757,0.0007144130488009492
model.layers.23.mlp.up_proj,2.0,2.3537534728103116,2.353766843438722,0.0013810679320049757,0.0005867513093272346
model.layers.18.mlp.up_proj,2.0,1.6890597728950725,1.68903570586204,0.0012918707573557572,0.000764846086613899
model.layers.9.mlp.gate_proj,2.0,1.9163557989148747,1.9164393400748174,0.0012918707573557572,0.0006741288637982944
model.layers.19.mlp.up_proj,2.0,1.8333211883951828,1.8332025813669488,0.0011960399134683486,0.0006523897291097775
model.layers.22.mlp.up_proj,2.0,2.112390806547449,2.1122326743821427,0.0011960399134683486,0.0005662020066368259
model.layers.21.mlp.up_proj,2.0,2.0769632864045793,2.0770336526523803,0.0011960399134683486,0.0005758599207301384
model.layers.16.mlp.up_proj,2.0,1.3230981276805593,1.3230908747233443,0.0010358009490037316,0.0007828602635992914
model.layers.12.mlp.up_proj,2.0,1.3051943222881048,1.3051054507799895,0.0009765625,0.0007482123415063679
model.layers.27.mlp.up_proj,2.0,1.7528257036315396,1.752807204873909,0.0009765625,0.0005571361134063347
model.layers.2.mlp.up_proj,2.0,1.0419067233358494,1.0419431065277032,0.0009765625,0.0009372839987761685
model.layers.17.mlp.up_proj,2.0,1.512136712069838,1.512103443336136,0.0009765625,0.0006458162758731418
model.layers.0.mlp.up_proj,2.0,1.2058184805541667,1.205839834496707,0.0009765625,0.0008098752140133017
model.layers.5.mlp.up_proj,2.0,1.0446088946065126,1.0446334868722313,0.0009134905729428568,0.0008744809446476655
model.layers.10.mlp.up_proj,2.0,1.1297628986950143,1.1297846877632682,0.0009134905729428568,0.000808568394304705
model.layers.11.mlp.up_proj,2.0,1.2545080434268423,1.2544731213520774,0.0009134905729428568,0.0007281663738460739
model.layers.14.mlp.up_proj,2.0,1.193561692889128,1.1935318792501937,0.0009134905729428568,0.0007653484343416445
model.layers.1.mlp.up_proj,2.0,0.9849741792441152,0.9850343584952135,0.0008802615418613255,0.0008936899671185819
model.layers.4.mlp.up_proj,2.0,0.9352435295148313,0.9352564032263283,0.0008457279333832408,0.0009042863240358073
model.layers.3.mlp.up_proj,2.0,1.0106799710055647,1.0106725401539935,0.0008457279333832408,0.0008367910294509876
model.layers.15.mlp.up_proj,2.0,1.2519814046203956,1.2520023520755308,0.0008457279333832408,0.000675511577298281
model.layers.8.mlp.up_proj,2.0,1.0410575929809942,1.0410782041939115,0.0008457279333832408,0.0008123738197437849
model.layers.9.mlp.up_proj,2.0,1.1075613213261566,1.1076241767621078,0.0008457279333832408,0.0007635946805821953
model.layers.7.mlp.up_proj,2.0,1.086720685045287,1.0867494251082088,0.0008457279333832408,0.0007782385529433414
model.layers.25.mlp.down_proj,2.0,1.0636561778882434,1.0636668809989953,0.0007720404443770458,0.0007258364689892891
model.layers.6.mlp.up_proj,2.0,1.0813946555510539,1.0814170884701377,0.0007720404443770458,0.0007139303309980126
model.layers.26.mlp.down_proj,2.0,1.1320717329812242,1.132017132636184,0.0007720404443770458,0.0006819713114326566
model.layers.13.mlp.up_proj,2.0,1.2590947220296687,1.2590596431303052,0.0007720404443770458,0.0006131710592293737
model.layers.9.mlp.down_proj,2.0,0.7897737526746621,0.7897990726320604,0.000732421875,0.0009273818894582997
model.layers.11.mlp.down_proj,2.0,0.7795353957062338,0.7795207913741431,0.0006905339660024879,0.000885827596547924
model.layers.24.mlp.down_proj,2.0,0.9980145951218666,0.9980224785557108,0.0006905339660024879,0.0006919076828913182
model.layers.27.mlp.down_proj,2.0,0.8114817915052938,0.8115094822901343,0.0006905339660024879,0.0008509543568704747
model.layers.16.mlp.down_proj,2.0,0.8646493832893447,0.8646401804117647,0.0006459353786778786,0.0007470489092591233
model.layers.13.mlp.down_proj,2.0,0.832314241665717,0.8323011721631988,0.0006459353786778786,0.000776071520036907
model.layers.19.mlp.down_proj,2.0,0.9835850406954999,0.9835990087536738,0.0006459353786778786,0.0006567153341628021
model.layers.21.mlp.down_proj,2.0,0.9558450626849798,0.9558376108676366,0.0006459353786778786,0.0006757741436289252
model.layers.24.self_attn.q_proj,2.0,0.7733935334010501,0.7734461311860572,0.0006459353786778786,0.0008351962497505433
model.layers.20.mlp.down_proj,2.0,0.9581068572972432,0.9581316480014038,0.0006459353786778786,0.0006741788494239777
model.layers.2.mlp.down_proj,2.0,0.5789899798960845,0.5790151496216343,0.0005980199567341743,0.0010328675408881952
model.layers.19.self_attn.q_proj,2.0,0.7803629607787775,0.7803522674118931,0.0005980199567341743,0.000766335649935729
model.layers.18.mlp.down_proj,2.0,0.8829202501825253,0.8829018876724725,0.0005980199567341743,0.0006773204676306225
model.layers.3.mlp.down_proj,2.0,0.7222404314663688,0.7222572668653428,0.0005980199567341743,0.0008280067560327674
model.layers.7.mlp.down_proj,2.0,0.7486383475226671,0.7486532358299239,0.0005980199567341743,0.0007988102115168066
model.layers.27.self_attn.o_proj,2.0,0.8037965527307984,0.8037424927237783,0.0005980199567341743,0.0007439941795003676
model.layers.5.mlp.down_proj,2.0,0.717620542681509,0.7176141471314568,0.0005980199567341743,0.0008333372878367903
model.layers.4.mlp.down_proj,2.0,0.7676085643216988,0.7675469079112469,0.0005980199567341743,0.0007790688959582123
model.layers.20.self_attn.q_proj,2.0,0.6892114058859781,0.689174390432058,0.0005980199567341743,0.0008676872605806957
model.layers.9.self_attn.q_proj,2.0,0.6401115080803271,0.6401263599154108,0.0005980199567341743,0.0009342434078831296
model.layers.12.mlp.down_proj,2.0,0.7776330380829909,0.7776246066684952,0.0005980199567341743,0.0007690259125414784
model.layers.10.mlp.down_proj,2.0,0.7575126133236875,0.7575234717330153,0.0005980199567341743,0.0007894521440511493
model.layers.17.mlp.down_proj,2.0,0.8517757113858474,0.8517667542923966,0.0005980199567341743,0.0007020861815385532
model.layers.6.mlp.down_proj,2.0,0.7142127749122809,0.7142011745696396,0.0005980199567341743,0.0008373134417927804
model.layers.8.mlp.down_proj,2.0,0.7395592985590845,0.7395589761797546,0.0005980199567341743,0.0008086166422345342
model.layers.12.self_attn.o_proj,2.0,0.6638792346064396,0.663878538792781,0.000572560517556571,0.0008624467941010324
model.layers.15.self_attn.q_proj,2.0,0.6504092285428225,0.6504146124737901,0.000572560517556571,0.0008803081082341593
model.layers.8.self_attn.q_proj,2.0,0.6063848394689848,0.6064017214135419,0.000572560517556571,0.0009442197104696186
model.layers.5.self_attn.o_proj,2.0,0.6325455797305284,0.6325456032879785,0.000572560517556571,0.0009051687908411095
model.layers.1.mlp.down_proj,2.0,0.729618985800752,0.7296205788093317,0.0005459150335692846,0.0007482193366584978
model.layers.1.self_attn.q_proj,2.0,0.6709649998324334,0.6709795684844835,0.0005459150335692846,0.0008136266924588037
model.layers.13.self_attn.o_proj,2.0,0.6666432441133348,0.6666319783444745,0.0005459150335692846,0.0008189013214937413
model.layers.10.self_attn.o_proj,2.0,0.6205952881368942,0.6205944237375235,0.0005459150335692846,0.0008796635166344733
model.layers.11.self_attn.o_proj,2.0,0.6473137873870403,0.6473132349068857,0.0005459150335692846,0.0008433545588035999
model.layers.5.self_attn.q_proj,2.0,0.7013001391051821,0.7012900250277991,0.0005459150335692846,0.0007784328037719203
model.layers.7.self_attn.o_proj,2.0,0.6210181232209705,0.6210256095311057,0.0005459150335692846,0.000879064576630781
model.layers.22.mlp.down_proj,2.0,0.9148105592513565,0.9148116343111609,0.0005459150335692846,0.0005967520029677392
model.layers.27.self_attn.q_proj,2.0,0.7676782906674098,0.767746962598123,0.0005459150335692846,0.000711124751352123
model.layers.2.self_attn.q_proj,2.0,0.7051441447028081,0.7050516646642898,0.0005459150335692846,0.0007741892741651672
model.layers.24.self_attn.o_proj,2.0,0.801288276745992,0.8012961988178271,0.0005459150335692846,0.0006812966686424385
model.layers.7.self_attn.q_proj,2.0,0.6192124382272981,0.619232122838527,0.0005459150335692846,0.0008816280162784654
model.layers.18.self_attn.q_proj,2.0,0.6764720186690356,0.6764597490971581,0.0005179004745018658,0.0007655903869029784
model.layers.12.self_attn.q_proj,2.0,0.645269514411747,0.6452468136661077,0.0005179004745018658,0.0008026110996023177
model.layers.16.self_attn.o_proj,2.0,0.649270246829739,0.6492678370091187,0.0005179004745018658,0.0007976654975808203
model.layers.13.self_attn.q_proj,2.0,0.6358989516438414,0.6358739947728587,0.0005179004745018658,0.0008144383209990493
model.layers.8.self_attn.o_proj,2.0,0.6298899095712095,0.629876827241125,0.0005179004745018658,0.0008222079233725474
model.layers.3.self_attn.o_proj,2.0,0.6957678000681213,0.6957621245772154,0.0005179004745018658,0.0007443582103844978
model.layers.3.self_attn.q_proj,2.0,0.6103900622623183,0.6103896960743693,0.0005179004745018658,0.000848474617332966
model.layers.14.self_attn.o_proj,2.0,0.6196091139978868,0.6196164008908494,0.0005179004745018658,0.0008358503172431259
model.layers.6.self_attn.q_proj,2.0,0.5835292407720182,0.5835698420314097,0.00048828125,0.0008367725486284052
model.layers.26.self_attn.o_proj,2.0,0.7990150885750719,0.7989610780538656,0.00048828125,0.000611103916536519
model.layers.21.self_attn.o_proj,2.0,0.7514220901631413,0.7514297050802163,0.00048828125,0.0006498095496420517
model.layers.18.self_attn.o_proj,2.0,0.66896491474473,0.6689676768330439,0.00048828125,0.0007299056187219071
model.layers.19.self_attn.o_proj,2.0,0.7258528248096505,0.7258543850254338,0.00048828125,0.0006727000754292692
model.layers.17.self_attn.q_proj,2.0,0.6884629917836392,0.6884603511984899,0.00048828125,0.0007092338380237153
model.layers.23.self_attn.q_proj,2.0,0.7165018248791026,0.7165015753138408,0.00048828125,0.0006814794227249722
model.layers.25.self_attn.o_proj,2.0,0.7058723182525951,0.7058897973467458,0.00048828125,0.0006917416044997382
model.layers.9.self_attn.o_proj,2.0,0.5996426004654131,0.5996523913134539,0.00048828125,0.0008142871263999925
model.layers.21.self_attn.q_proj,2.0,0.7125067108239808,0.712505790619994,0.00048828125,0.0006853005629032259
model.layers.1.self_attn.o_proj,2.0,0.607366185226586,0.607387529487701,0.00048828125,0.0008039322271750117
model.layers.10.self_attn.q_proj,2.0,0.607248729302438,0.6072493182335925,0.00048828125,0.0008040877262285934
model.layers.14.mlp.down_proj,2.0,0.7734446669737779,0.773439349547978,0.00048828125,0.0006313072813734382
model.layers.15.mlp.down_proj,2.0,0.8257128655621322,0.8257141649033519,0.00048828125,0.0005913450914532934
model.layers.25.self_attn.q_proj,2.0,0.7341165290654272,0.7341757970870754,0.00048828125,0.0006651277156524594
model.layers.0.mlp.down_proj,2.0,0.7117006586415624,0.7117055161017285,0.00048828125,0.0006860767150784888
model.layers.6.self_attn.o_proj,2.0,0.612834792210711,0.612855192270106,0.0004567452864714284,0.0007452992099612804
model.layers.17.self_attn.o_proj,2.0,0.6693667678255563,0.6693711088193885,0.0004567452864714284,0.000682354291288122
model.layers.14.self_attn.q_proj,2.0,0.6037960203571587,0.6038065088968131,0.0004567452864714284,0.0007564562717741224
model.layers.4.self_attn.q_proj,2.0,0.6514970915825333,0.6514891548864273,0.0004567452864714284,0.0007010703384138848
model.layers.4.self_attn.o_proj,2.0,0.6130757807692084,0.6130841175257711,0.0004567452864714284,0.0007450062468596677
model.layers.21.self_attn.k_proj,2.0,0.5306008524168567,0.530563359538809,0.0004567452864714284,0.0008608076756586039
model.layers.11.self_attn.q_proj,2.0,0.5647594584229817,0.5647792731876169,0.0004567452864714284,0.0008087430492033387
model.layers.15.self_attn.o_proj,2.0,0.6899093760879951,0.689918857862035,0.0004567452864714284,0.0006620366417707192
model.layers.16.self_attn.q_proj,2.0,0.6267014946246673,0.6266687288867553,0.0004228639666916204,0.0006747454255632093
model.layers.26.self_attn.q_proj,2.0,0.7462022313048069,0.746205066944772,0.0004228639666916204,0.0005666881563087821
model.layers.23.self_attn.o_proj,2.0,0.7543379975403822,0.754330767557071,0.0004228639666916204,0.0005605762510577801
model.layers.22.self_attn.q_proj,2.0,0.700396627218523,0.7003879893860211,0.0004228639666916204,0.0006037492904141117
model.layers.0.self_attn.o_proj,2.0,0.5683227212629217,0.568335096751784,0.0004228639666916204,0.0007440560633436155
model.layers.0.self_attn.q_proj,2.0,0.6326975776964837,0.632668843858843,0.0004228639666916204,0.0006683508544969897
model.layers.20.self_attn.o_proj,2.0,0.6628566339844949,0.6628573983114436,0.0004228639666916204,0.0006379418188058924
model.layers.22.self_attn.o_proj,2.0,0.7713779810685739,0.7713780969740867,0.0004228639666916204,0.0005481929444055892
model.layers.2.self_attn.o_proj,2.0,0.7076916639917533,0.7077108246994598,0.0004228639666916204,0.0005975257138206845
model.layers.22.self_attn.v_proj,2.0,0.45379065257940954,0.4537951348190638,0.00040486142460393064,0.0008921766508469085
model.layers.23.self_attn.v_proj,2.0,0.46843864909025396,0.46845288397102497,0.00040486142460393064,0.0008642784394289509
model.layers.16.self_attn.k_proj,2.0,0.4297424628044505,0.4297282633085899,0.00040486142460393064,0.000942102444244981
model.layers.27.self_attn.k_proj,2.0,0.5530680266095667,0.5531106214216964,0.0003860202221885229,0.0006979615591863356
model.layers.7.self_attn.k_proj,2.0,0.44445685114365596,0.44445654940346246,0.0003860202221885229,0.0008685212550897424
model.layers.23.self_attn.k_proj,2.0,0.5228404155422179,0.5228638138473912,0.0003860202221885229,0.0007383136626654922
model.layers.11.self_attn.v_proj,2.0,0.3712178675235394,0.37123316103704124,0.0003860202221885229,0.0010398751136730907
model.layers.0.self_attn.v_proj,2.0,0.43766129449608554,0.43766129449608554,0.0003860202221885229,0.0008820067642330101
model.layers.1.self_attn.v_proj,2.0,0.38781486608873156,0.38782819877529445,0.0003860202221885229,0.0009953724210773343
model.layers.10.self_attn.k_proj,2.0,0.39949508628640223,0.39950832756205173,0.0003860202221885229,0.0009662702632386845
model.layers.5.self_attn.k_proj,2.0,0.5085147110659318,0.5085093485330149,0.0003860202221885229,0.0007591131854953813
model.layers.27.self_attn.v_proj,2.0,0.6355902846317059,0.6354959131029895,0.0003860202221885229,0.0006073412881258925
model.layers.20.self_attn.k_proj,2.0,0.5086215689883944,0.5085830417800777,0.0003860202221885229,0.0007589537009928319
model.layers.19.self_attn.v_proj,2.0,0.46507478630447746,0.46508090597199475,0.0003860202221885229,0.000830017523108211
model.layers.24.self_attn.v_proj,2.0,0.5286370419176835,0.528601101140013,0.0003860202221885229,0.0007302178840669131
model.layers.7.self_attn.v_proj,2.0,0.4196485295100761,0.4196453869810055,0.0003662109375,0.0008726610764668651
model.layers.25.self_attn.k_proj,2.0,0.4571913740263817,0.4572017547252103,0.0003662109375,0.0008010014149542293
model.layers.11.self_attn.k_proj,2.0,0.39286429380126114,0.3928795222156562,0.0003662109375,0.0009321563279692088
model.layers.12.self_attn.v_proj,2.0,0.3795026627536383,0.3794978527641616,0.0003662109375,0.000964975936776847
model.layers.10.self_attn.v_proj,2.0,0.3711383391244753,0.37113482599301445,0.0003662109375,0.00098672354455188
model.layers.13.self_attn.k_proj,2.0,0.4267327412588713,0.4267250764280753,0.0003662109375,0.0008581739859464953
model.layers.18.self_attn.v_proj,2.0,0.4253012550151165,0.42529794403214266,0.0003662109375,0.0008610624426372401
model.layers.17.self_attn.v_proj,2.0,0.42252559299376596,0.42253361613376605,0.0003662109375,0.0008667189480884372
model.layers.0.self_attn.k_proj,2.0,0.4741417893077856,0.4741641966912422,0.00034526698300124393,0.0007281935294193535
model.layers.9.self_attn.v_proj,2.0,0.37842759643120605,0.37843054965855866,0.00034526698300124393,0.0009123726341770893
model.layers.8.self_attn.v_proj,2.0,0.3918322409340513,0.39185616072250573,0.00034526698300124393,0.000881160218409274
model.layers.4.self_attn.v_proj,2.0,0.3796391821364135,0.37962469829588785,0.00034526698300124393,0.0009094608756089385
model.layers.6.self_attn.v_proj,2.0,0.35163508831446205,0.3516380970526502,0.00034526698300124393,0.0009818900174503541
model.layers.3.self_attn.k_proj,2.0,0.42776065902427507,0.42775829021885686,0.00034526698300124393,0.0008071499230172317
model.layers.25.self_attn.v_proj,2.0,0.5135707393048908,0.5135704491566354,0.00034526698300124393,0.0006722871000566676
model.layers.24.self_attn.k_proj,2.0,0.5280808842308092,0.5280958957665771,0.00034526698300124393,0.0006538145827871654
model.layers.14.self_attn.v_proj,2.0,0.3762893762609963,0.3762963458441098,0.00034526698300124393,0.0009175570844757651
model.layers.17.self_attn.k_proj,2.0,0.45545043777635746,0.4554647677788936,0.00034526698300124393,0.0007580780571579611
model.layers.2.self_attn.v_proj,2.0,0.37326818163076564,0.3732869439311539,0.00034526698300124393,0.0009249836980286193
model.layers.5.self_attn.v_proj,2.0,0.35875052638131577,0.35874890646286023,0.00034526698300124393,0.0009624152652371576
model.layers.8.self_attn.k_proj,2.0,0.4257557362602903,0.425754301285758,0.00034526698300124393,0.0008109508659447898
model.layers.23.mlp.down_proj,2.0,0.9226297747813144,0.9226273844674813,0.00034526698300124393,0.0003742205079855358
model.layers.13.self_attn.v_proj,2.0,0.3676642711200529,0.3676569149855968,0.0003229676893389393,0.0008784309891060399
model.layers.1.self_attn.k_proj,2.0,0.39888936020103977,0.3989190389373912,0.0003229676893389393,0.0008096673452913459
model.layers.12.self_attn.k_proj,2.0,0.4270077285681371,0.4270133294519775,0.0003229676893389393,0.0007563509223168632
model.layers.9.self_attn.k_proj,2.0,0.41504807406347305,0.4150506410666642,0.0003229676893389393,0.0007781452547820955
model.layers.16.self_attn.v_proj,2.0,0.37270303428526297,0.37270761211887704,0.0003229676893389393,0.0008665550307587333
model.layers.15.self_attn.k_proj,2.0,0.42139322534446483,0.42139094451164577,0.0003229676893389393,0.0007664282905234932
model.layers.14.self_attn.k_proj,2.0,0.41698093086432986,0.4169885246598405,0.0003229676893389393,0.0007745382712573516
model.layers.6.self_attn.k_proj,2.0,0.4043599876494391,0.4043748568456476,0.0003229676893389393,0.0007987132733294496
model.layers.18.self_attn.k_proj,2.0,0.4997727354449382,0.4997501792268112,0.0003229676893389393,0.0006462291086195554
model.layers.26.self_attn.k_proj,2.0,0.4487165048313141,0.448741427050125,0.0003229676893389393,0.0007197588808558591
model.layers.3.self_attn.v_proj,2.0,0.4321029051808619,0.4321368200579641,0.0003229676893389393,0.0007474323487914465
model.layers.15.self_attn.v_proj,2.0,0.3678839956461115,0.36789428378602823,0.00029900997836708714,0.0008127833281845775
model.layers.20.self_attn.v_proj,2.0,0.43164844419551823,0.4316689840123241,0.00029900997836708714,0.0006927164510562871
model.layers.21.self_attn.v_proj,2.0,0.4250992378610309,0.4251062835301652,0.00029900997836708714,0.0007033886484285734
model.layers.22.self_attn.k_proj,2.0,0.5068031256313631,0.5067965100779425,0.00029900997836708714,0.0005899923722739234
model.layers.4.self_attn.k_proj,2.0,0.46211870430745805,0.462120542286512,0.00029900997836708714,0.0006470414973035781
model.layers.26.self_attn.v_proj,2.0,0.5643205850080957,0.5643141684377057,0.00029900997836708714,0.0005298583576617139
model.layers.2.self_attn.k_proj,2.0,0.3998077616086551,0.39980867474258447,0.0002729575167846423,0.0006827219053636633
model.layers.19.self_attn.k_proj,2.0,0.4861167540298397,0.48611580377160507,0.000244140625,0.0005022263128684795
