,global_relative_delta,outcome_distribution/dismissed_minus_allowed,outcome_distribution/absolute_allowed_dismissed_gap,firac/zero_reward_fraction,firac/format_valid_rate,firac/R_total,train/kl,train/grad_norm,train/entropy
global_relative_delta,1.0,-0.03487877133870494,0.9993915505495845,,,0.5220206241712271,0.9990013659190796,-0.5046626801775874,0.35447308823880586
outcome_distribution/dismissed_minus_allowed,-0.03487877133870494,1.0,0.0,,,0.8342064579883723,0.009808521884427462,0.8803933455739048,-0.9468608620186146
outcome_distribution/absolute_allowed_dismissed_gap,0.9993915505495845,0.0,1.0,,,0.5514522512879011,0.9999518952921899,-0.47424419560937914,0.3216434485223728
firac/zero_reward_fraction,,,,,,,,,
firac/format_valid_rate,,,,,,,,,
firac/R_total,0.5220206241712271,0.8342064579883723,0.5514522512879011,,,1.0,0.5596080561377917,0.47290678511872736,-0.6125064421126979
train/kl,0.9990013659190796,0.009808521884427462,0.9999518952921899,,,0.5596080561377917,1.0,-0.4655860248339528,0.3123406704716452
train/grad_norm,-0.5046626801775874,0.8803933455739048,-0.47424419560937914,,,0.47290678511872736,-0.4655860248339528,1.0,-0.9861475406230791
train/entropy,0.35447308823880586,-0.9468608620186146,0.3216434485223728,,,-0.6125064421126979,0.3123406704716452,-0.9861475406230791,1.0
