key,tensor_type,numel,start_l2,current_l2,delta_l2,relative_delta,delta_mean,delta_std,delta_max_abs
model.layers.11.mlp.up_proj.lora_B.weight,lora_B,98304,0.8427243828773499,0.8427219390869141,0.0006456014816649258,0.0007660885276163734,-6.737019386804377e-09,2.059095777440234e-06,5.41971530765295e-06
model.layers.9.mlp.up_proj.lora_B.weight,lora_B,98304,0.8131216168403625,0.8131387233734131,0.000640935031697154,0.0007882400595715397,-8.529439377014114e-09,2.0442053028091323e-06,5.413545295596123e-06
model.layers.11.mlp.gate_proj.lora_B.weight,lora_B,98304,0.9277780652046204,0.9277796745300293,0.0006374102085828781,0.0006870287544923774,-8.52441583987229e-09,2.03296190193214e-06,5.4943375289440155e-06
model.layers.7.mlp.up_proj.lora_B.weight,lora_B,98304,0.7840892672538757,0.7840942144393921,0.0006343867862597108,0.0008090746969175212,5.805758096499858e-09,2.0233298982930137e-06,5.431007593870163e-06
model.layers.12.mlp.gate_proj.lora_B.weight,lora_B,98304,0.9387331604957581,0.938730001449585,0.000631198228802532,0.0006723936634657578,7.838066196086402e-09,2.0131531073275255e-06,5.4389238357543945e-06
model.layers.15.mlp.gate_proj.lora_B.weight,lora_B,98304,0.9665502905845642,0.9665607810020447,0.0006309080054052174,0.0006527420368614734,5.0863335765427564e-09,2.012235654547112e-06,5.311798304319382e-06
model.layers.12.mlp.up_proj.lora_B.weight,lora_B,98304,0.9048301577568054,0.904815673828125,0.0006305231945589185,0.0006968414891498196,4.0567358361442984e-09,2.0110114746785257e-06,5.354639142751694e-06
model.layers.7.mlp.gate_proj.lora_B.weight,lora_B,98304,0.941065788269043,0.941059947013855,0.0006303811096586287,0.0006698587043719072,-1.722552211980144e-09,2.0105610474274727e-06,5.269888788461685e-06
model.layers.10.mlp.up_proj.lora_B.weight,lora_B,98304,0.8164153695106506,0.8164195418357849,0.0006293390761129558,0.0007708564777389895,-1.0948656203879636e-08,2.0072086499567376e-06,5.433801561594009e-06
model.layers.16.mlp.gate_proj.lora_B.weight,lora_B,98304,0.9715666770935059,0.9715577960014343,0.0006291972240433097,0.0006476109554576193,-4.625521354828521e-10,2.0067857349204132e-06,5.284848157316446e-06
model.layers.8.mlp.gate_proj.lora_B.weight,lora_B,98304,0.9229947328567505,0.9229855537414551,0.0006286081625148654,0.0006810528165954614,-7.727958717396177e-09,2.0048928490723483e-06,5.6265853345394135e-06
model.layers.18.mlp.gate_proj.lora_B.weight,lora_B,98304,1.0082361698150635,1.0082297325134277,0.0006285879062488675,0.0006234530411303998,4.467285708020796e-10,2.0048425994900754e-06,5.465408321470022e-06
model.layers.13.mlp.gate_proj.lora_B.weight,lora_B,98304,0.9468691349029541,0.946871280670166,0.0006285851704888046,0.0006638564373029533,1.4390018066023913e-09,2.004833277169382e-06,5.4828706197440624e-06
model.layers.17.mlp.gate_proj.lora_B.weight,lora_B,98304,0.9878060817718506,0.987805187702179,0.000628216250333935,0.0006359712315266261,-1.895612777857991e-09,2.003655936277937e-06,5.223322659730911e-06
model.layers.13.mlp.up_proj.lora_B.weight,lora_B,98304,0.8795310258865356,0.8795281052589417,0.0006280344096012414,0.0007140560038438726,-2.814532829020777e-09,2.0030754512845306e-06,5.288104148348793e-06
model.layers.8.mlp.up_proj.lora_B.weight,lora_B,98304,0.7827838063240051,0.7827920317649841,0.0006278246291913092,0.0008020409008454167,1.124056314694144e-08,2.0023767319798935e-06,5.354639142751694e-06
model.layers.9.mlp.gate_proj.lora_B.weight,lora_B,98304,0.9431820511817932,0.943187952041626,0.0006266635609790683,0.00066441421377121,-1.158204754325709e-09,1.9987048744951608e-06,5.3618296078639105e-06
model.layers.6.mlp.up_proj.lora_B.weight,lora_B,98304,0.8067178130149841,0.8067255020141602,0.0006265976699069142,0.0007767247230665473,-2.511452379394541e-09,1.998493189603323e-06,5.304071237333119e-06
model.layers.6.mlp.gate_proj.lora_B.weight,lora_B,98304,0.9318963885307312,0.9318974614143372,0.0006255805492401123,0.0006712983942629395,-4.361706995581471e-09,1.9952460661443183e-06,5.377092747949064e-06
model.layers.15.mlp.up_proj.lora_B.weight,lora_B,98304,0.9066963195800781,0.9067021012306213,0.0006255608750507236,0.0006899342828924706,-3.943977089360118e-10,1.9951883132307557e-06,5.497480742633343e-06
model.layers.10.mlp.gate_proj.lora_B.weight,lora_B,98304,0.9272688031196594,0.9272810220718384,0.0006236884510144591,0.0006726080387004838,1.183693143502751e-10,1.989215661524213e-06,5.359062924981117e-06
model.layers.17.mlp.up_proj.lora_B.weight,lora_B,98304,0.9376083612442017,0.9376077055931091,0.0006229167920537293,0.0006643677870226347,-3.774782708632074e-09,1.9867516130034346e-06,5.492009222507477e-06
model.layers.14.mlp.gate_proj.lora_B.weight,lora_B,98304,0.9765395522117615,0.976527750492096,0.0006203807424753904,0.0006352848085572079,1.8291143044635305e-09,1.9786662051046733e-06,5.461275577545166e-06
model.layers.16.mlp.up_proj.lora_B.weight,lora_B,98304,0.9269600510597229,0.9269605278968811,0.0006200799252837896,0.0006689392111072094,-5.687543214172308e-10,1.977706688194303e-06,5.527108442038298e-06
model.layers.19.mlp.gate_proj.lora_B.weight,lora_B,98304,1.0164151191711426,1.0164246559143066,0.0006195723544806242,0.0006095662518143844,-5.5458020398191366e-09,1.976080511667533e-06,5.341134965419769e-06
model.layers.14.mlp.up_proj.lora_B.weight,lora_B,98304,0.8727664351463318,0.8727605938911438,0.0006175321177579463,0.0007075571342914994,-4.921110186018041e-09,1.9695755781867774e-06,5.394686013460159e-06
model.layers.19.mlp.up_proj.lora_B.weight,lora_B,98304,1.005574107170105,1.005570650100708,0.0006161314086057246,0.0006127160636023602,-5.9268239205323425e-09,1.9651045022328617e-06,5.277805030345917e-06
model.layers.23.mlp.up_proj.lora_B.weight,lora_B,98304,1.0198321342468262,1.0198335647583008,0.0006154218572191894,0.0006034540749921507,2.9055527428489825e-10,1.9628507743618684e-06,5.241949111223221e-06
model.layers.21.mlp.gate_proj.lora_B.weight,lora_B,98304,1.002561092376709,1.0025551319122314,0.0006150286644697189,0.0006134575430328229,-2.239537666426372e-09,1.961595216926071e-06,5.344627425074577e-06
model.layers.20.mlp.gate_proj.lora_B.weight,lora_B,98304,1.0217522382736206,1.0217409133911133,0.0006146702216938138,0.0006015844141749831,8.99910812535154e-10,1.9604522094596177e-06,5.3836265578866005e-06
model.layers.22.mlp.gate_proj.lora_B.weight,lora_B,98304,0.9986919164657593,0.9986884593963623,0.0006140460027381778,0.0006148502782631972,1.0066248945506118e-09,1.958462917173165e-06,5.281530320644379e-06
model.layers.4.mlp.up_proj.lora_B.weight,lora_B,98304,0.7183401584625244,0.7183499336242676,0.0006138024618849158,0.0008544732668136606,4.1120573612829503e-10,1.9576843897084473e-06,5.3944531828165054e-06
model.layers.24.mlp.up_proj.lora_B.weight,lora_B,98304,1.0096365213394165,1.009636402130127,0.0006134356954135001,0.000607580730736341,-3.2899152291321343e-09,1.9565127331588883e-06,5.348119884729385e-06
model.layers.18.mlp.up_proj.lora_B.weight,lora_B,98304,0.9776117205619812,0.9776064157485962,0.0006133260321803391,0.0006273718075186004,1.4581495122456545e-08,1.9561116459954064e-06,5.2908435463905334e-06
model.layers.12.mlp.down_proj.lora_A.weight,lora_A,98304,2.6504108905792236,2.6504063606262207,0.000613166659604758,0.00023134777395619437,5.86943116331895e-09,1.955647576323827e-06,5.185604095458984e-06
model.layers.25.mlp.gate_proj.lora_B.weight,lora_B,98304,1.0342985391616821,1.0342950820922852,0.0006127823144197464,0.0005924617421546565,7.177309857553382e-10,1.9544322640285827e-06,5.329027771949768e-06
model.layers.20.mlp.up_proj.lora_B.weight,lora_B,98304,0.9975265860557556,0.9975315928459167,0.0006127805099822581,0.0006142999279900971,1.2155092037058335e-11,1.9544265796866966e-06,5.295034497976303e-06
model.layers.24.mlp.gate_proj.lora_B.weight,lora_B,98304,0.9927341341972351,0.9927335381507874,0.0006126822554506361,0.0006171665044499309,7.153109216062603e-10,1.954112804014585e-06,5.2836257964372635e-06
model.layers.23.mlp.gate_proj.lora_B.weight,lora_B,98304,0.9823724031448364,0.982373833656311,0.0006123047787696123,0.0006232919174128479,-1.4129911685145657e-09,1.952908405655762e-06,5.419598892331123e-06
model.layers.26.mlp.down_proj.lora_A.weight,lora_A,98304,2.6666252613067627,2.6666173934936523,0.000612076953984797,0.0002295324216964976,4.835623901300323e-09,1.9521739886840805e-06,5.261506885290146e-06
model.layers.7.mlp.down_proj.lora_A.weight,lora_A,98304,2.628021478652954,2.628028631210327,0.0006114919669926167,0.00023268149517029416,2.1965307350768626e-09,1.9503127077769022e-06,5.160283762961626e-06
model.layers.15.mlp.down_proj.lora_A.weight,lora_A,98304,2.636565685272217,2.6365692615509033,0.000611213268712163,0.00023182174907546716,6.864257079408631e-11,1.9494252683216473e-06,5.2584800869226456e-06
model.layers.5.mlp.gate_proj.lora_B.weight,lora_B,98304,0.9207656979560852,0.920774519443512,0.0006111792172305286,0.0006637727910446964,-3.380606905523109e-09,1.9493154468364082e-06,5.268026143312454e-06
model.layers.4.mlp.gate_proj.lora_B.weight,lora_B,98304,0.914466142654419,0.9144637584686279,0.000609890790656209,0.0006669364366906797,-5.830965932318577e-09,1.945200210684561e-06,5.349400453269482e-06
model.layers.5.mlp.up_proj.lora_B.weight,lora_B,98304,0.7689036130905151,0.7689128518104553,0.0006098552257753909,0.0007931491221951104,-1.7494711235244154e-09,1.945094936672831e-06,5.311565473675728e-06
model.layers.11.mlp.down_proj.lora_A.weight,lora_A,98304,2.632070779800415,2.6320700645446777,0.0006096718716435134,0.00023163202005143028,-2.136220755843965e-09,1.944507630469161e-06,5.2710529416799545e-06
model.layers.27.mlp.gate_proj.lora_B.weight,lora_B,98304,0.9934025406837463,0.9934003949165344,0.000609241658821702,0.000613287800132229,-9.73544889149025e-09,1.9431145119597204e-06,5.507376044988632e-06
model.layers.26.mlp.up_proj.lora_B.weight,lora_B,98304,1.029792308807373,1.0297856330871582,0.000608388741966337,0.0005907878091174777,-9.403493095305748e-09,1.940394895427744e-06,5.304813385009766e-06
model.layers.22.mlp.up_proj.lora_B.weight,lora_B,98304,1.0109933614730835,1.0109922885894775,0.0006069939117878675,0.0006003935682658071,-3.6203744446794417e-09,1.935966793098487e-06,5.3318217396736145e-06
model.layers.26.mlp.gate_proj.lora_B.weight,lora_B,98304,0.9792851209640503,0.9792878031730652,0.0006063092150725424,0.00061913451158705,-2.0388790655800904e-09,1.933785142682609e-06,5.252426490187645e-06
model.layers.21.mlp.up_proj.lora_B.weight,lora_B,98304,1.0058913230895996,1.005894422531128,0.0006044893525540829,0.0006009489680230974,6.5917049596464494e-09,1.9279711978015257e-06,5.2638351917266846e-06
model.layers.25.mlp.up_proj.lora_B.weight,lora_B,98304,1.0399454832077026,1.0399335622787476,0.0006038431893102825,0.0005806488888703411,-3.9561820486255783e-10,1.9259221062384313e-06,5.189096555113792e-06
model.layers.0.mlp.gate_proj.lora_B.weight,lora_B,98304,0.9239106178283691,0.9239101409912109,0.0006019730353727937,0.0006515489959274606,2.058247350333886e-09,1.9199551388737746e-06,5.3800176829099655e-06
model.layers.27.mlp.up_proj.lora_B.weight,lora_B,98304,1.0537348985671997,1.053722620010376,0.0006017906125634909,0.000571102478794018,-4.260288122281963e-09,1.9193691969121573e-06,5.420297384262085e-06
model.layers.13.mlp.down_proj.lora_A.weight,lora_A,98304,2.65964937210083,2.6596407890319824,0.0006016101106069982,0.00022619903093910174,6.070734470675632e-10,1.918797124744742e-06,5.271285772323608e-06
model.layers.3.mlp.gate_proj.lora_B.weight,lora_B,98304,0.915464460849762,0.9154640436172485,0.0006012512603774667,0.0006567718203056915,6.4609131378290385e-09,1.9176436580892187e-06,5.282472557155415e-06
model.layers.19.mlp.down_proj.lora_A.weight,lora_A,98304,2.723987340927124,2.7239911556243896,0.0005994225502945483,0.00022005335387885154,3.5464566838783185e-09,1.9118160707876086e-06,5.307607352733612e-06
model.layers.9.mlp.down_proj.lora_A.weight,lora_A,98304,2.608511209487915,2.6085195541381836,0.0005993667873553932,0.0002297735141698152,-8.509418059077234e-09,1.911622803163482e-06,5.116802640259266e-06
model.layers.5.mlp.down_proj.lora_A.weight,lora_A,98304,2.62195086479187,2.621950149536133,0.0005990136414766312,0.00022846104765742082,-7.335124951879379e-09,1.9105018509435467e-06,5.3336843848228455e-06
model.layers.2.mlp.gate_proj.lora_B.weight,lora_B,98304,0.9168171286582947,0.9168142676353455,0.0005978419212624431,0.0006520841535076334,4.275383602703187e-09,1.9067757648372208e-06,5.236215656623244e-06
model.layers.8.mlp.down_proj.lora_A.weight,lora_A,98304,2.6069259643554688,2.606933116912842,0.0005973564693704247,0.00022914209208013084,1.438296259870242e-09,1.9052296238442068e-06,5.138106644153595e-06
model.layers.3.mlp.up_proj.lora_B.weight,lora_B,98304,0.7187556624412537,0.718750536441803,0.0005948887555859983,0.0008276647916281572,-2.4317128310968883e-09,1.897359993563441e-06,5.439273081719875e-06
model.layers.10.mlp.down_proj.lora_A.weight,lora_A,98304,2.630873203277588,2.630877733230591,0.0005917088710702956,0.0002249096879063325,-5.007194658901426e-11,1.8872173086492694e-06,5.144625902175903e-06
model.layers.20.mlp.down_proj.lora_A.weight,lora_A,98304,2.6942355632781982,2.694244146347046,0.0005911698681302369,0.00021942026012414955,-7.061741857938841e-09,1.885485971797607e-06,5.168141797184944e-06
model.layers.0.mlp.up_proj.lora_B.weight,lora_B,98304,0.8048588037490845,0.8048644065856934,0.0005899878451600671,0.0007330327287368485,4.196684333379608e-09,1.8817246427715872e-06,5.283800419420004e-06
model.layers.18.mlp.down_proj.lora_A.weight,lora_A,98304,2.650712728500366,2.6507065296173096,0.0005886512226425111,0.00022207280944228877,-8.289725350607569e-09,1.8774471755023114e-06,5.400273948907852e-06
model.layers.0.mlp.down_proj.lora_A.weight,lora_A,98304,2.6630523204803467,2.663055896759033,0.0005869443994015455,0.00022040287939054676,-3.2233795632663487e-09,1.8720171510722139e-06,5.237758159637451e-06
model.layers.17.mlp.down_proj.lora_A.weight,lora_A,98304,2.6615254878997803,2.66152286529541,0.0005835075280629098,0.0002192380011823061,-2.0525833477336164e-08,1.860945872067532e-06,5.2265822887420654e-06
model.layers.14.mlp.down_proj.lora_A.weight,lora_A,98304,2.623664379119873,2.623657464981079,0.0005818251520395279,0.00022176051047912817,1.303943175656741e-08,1.8556474969955161e-06,5.267094820737839e-06
model.layers.1.mlp.gate_proj.lora_B.weight,lora_B,98304,0.8593052625656128,0.8593084216117859,0.0005795230972580612,0.0006744088771524443,7.657514622394501e-10,1.8483531221136218e-06,5.325302481651306e-06
model.layers.16.mlp.down_proj.lora_A.weight,lora_A,98304,2.679671049118042,2.679666042327881,0.0005764247616752982,0.00021511026954782993,1.9342640822372914e-09,1.8384683926342404e-06,5.2241375669837e-06
model.layers.27.mlp.down_proj.lora_A.weight,lora_A,98304,2.5256543159484863,2.525653839111328,0.0005746570532210171,0.00022752799129805297,1.217712242151947e-08,1.8327909856452607e-06,5.144625902175903e-06
model.layers.24.mlp.down_proj.lora_A.weight,lora_A,98304,2.6938235759735107,2.69382381439209,0.0005746414535678923,0.00021331814699862992,-2.5688089433373307e-09,1.8327804127693526e-06,5.125999450683594e-06
model.layers.23.mlp.down_proj.lora_A.weight,lora_A,98304,2.6632416248321533,2.6632416248321533,0.0005726110539399087,0.00021500529602754188,4.540595899271693e-09,1.8263013998875977e-06,5.3562980610877275e-06
model.layers.25.mlp.down_proj.lora_A.weight,lora_A,98304,2.7095184326171875,2.7095181941986084,0.0005692649865522981,0.0002100982151291112,4.920140295183728e-09,1.8156263195123756e-06,5.239155143499374e-06
model.layers.6.mlp.down_proj.lora_A.weight,lora_A,98304,2.545684337615967,2.545681953430176,0.0005608099745586514,0.0002202983167519701,7.048282402166706e-09,1.7886532077682205e-06,5.3371768444776535e-06
model.layers.21.mlp.down_proj.lora_A.weight,lora_A,98304,2.7140724658966064,2.71407151222229,0.000559005537070334,0.00020596559012128803,-1.0071658174126696e-08,1.7828834870670107e-06,5.1246024668216705e-06
model.layers.22.mlp.down_proj.lora_A.weight,lora_A,98304,2.6681036949157715,2.6681084632873535,0.000557512161321938,0.00020895445794865853,-1.0013886247994819e-10,1.7781487713364186e-06,5.13093254994601e-06
model.layers.4.mlp.down_proj.lora_A.weight,lora_A,98304,2.6091535091400146,2.609137773513794,0.0005532812210731208,0.0002120539167722194,3.307112805828183e-09,1.7646528931436478e-06,5.259178578853607e-06
model.layers.3.mlp.down_proj.lora_A.weight,lora_A,98304,2.584284782409668,2.584286689758301,0.000547952891793102,0.00021203270456987856,4.299402167617927e-09,1.7476558014095644e-06,5.255453288555145e-06
model.layers.1.mlp.up_proj.lora_B.weight,lora_B,98304,0.6590403914451599,0.6590530872344971,0.0005444611888378859,0.00082614236684944,-2.961751066621332e-09,1.7365227904519998e-06,5.347712431102991e-06
model.layers.2.mlp.up_proj.lora_B.weight,lora_B,98304,0.6843708157539368,0.6843774318695068,0.0005408555152826011,0.0007902959957267726,5.21782794749015e-09,1.7250182509087608e-06,5.45848160982132e-06
model.layers.2.mlp.down_proj.lora_A.weight,lora_A,98304,2.506223201751709,2.506222724914551,0.0005341072683222592,0.00021311241071782764,1.6238312028349355e-08,1.7034238908308907e-06,5.150213837623596e-06
model.layers.1.mlp.down_proj.lora_A.weight,lora_A,98304,2.6487250328063965,2.6487226486206055,0.000518312503118068,0.00019568377113456044,-4.0695158354253635e-09,1.6531195115021546e-06,5.224836058914661e-06
model.layers.27.self_attn.q_proj.lora_A.weight,lora_A,32768,2.39970064163208,2.3997087478637695,0.0003944037889596075,0.0001643554125531951,-1.9185253385956003e-09,2.178791191909113e-06,5.3979456424713135e-06
model.layers.12.self_attn.o_proj.lora_A.weight,lora_A,32768,2.494509696960449,2.494509696960449,0.0003941408940590918,0.00015800335213743646,-3.893337652272066e-09,2.177335773012601e-06,5.341018550097942e-06
model.layers.9.self_attn.q_proj.lora_B.weight,lora_B,32768,0.49269694089889526,0.49270597100257874,0.00038918116479180753,0.0007898996979396106,1.0520095017341191e-08,2.1499158719961997e-06,5.299225449562073e-06
model.layers.15.mlp.gate_proj.lora_A.weight,lora_A,32768,2.7289347648620605,2.728999614715576,0.00038638937985524535,0.00014158981915962955,1.523296511152239e-08,2.1344624201447004e-06,5.3104013204574585e-06
model.layers.13.self_attn.o_proj.lora_A.weight,lora_A,32768,2.4884159564971924,2.4884114265441895,0.000385898893000558,0.00015507812992156136,-1.2362613155403324e-08,2.131772134816856e-06,5.392357707023621e-06
model.layers.13.self_attn.q_proj.lora_B.weight,lora_B,32768,0.47834575176239014,0.47833505272865295,0.0003809883492067456,0.0007964706445140437,-1.005695793310224e-08,2.1046587335149525e-06,5.3741096053272486e-06
model.layers.11.self_attn.o_proj.lora_B.weight,lora_B,32768,0.4819410741329193,0.4819413125514984,0.0003731739125214517,0.0007743143976529595,9.358933183989393e-09,2.061492978100432e-06,5.293404683470726e-06
model.layers.21.self_attn.k_proj.lora_A.weight,lora_A,32768,2.4386403560638428,2.438624382019043,0.0003723539412021637,0.00015268915741358937,9.908086795462623e-09,2.056958692264743e-06,5.280598998069763e-06
model.layers.17.mlp.up_proj.lora_A.weight,lora_A,32768,2.5931787490844727,2.593167543411255,0.0003720897657331079,0.0001434878971858284,1.2710319463593578e-09,2.0555223727569683e-06,5.252659320831299e-06
model.layers.12.mlp.up_proj.lora_A.weight,lora_A,32768,2.5624032020568848,2.5623743534088135,0.00037205193075351417,0.0001451964821363249,-3.5334331016656506e-09,2.055310915238806e-06,5.2694231271743774e-06
model.layers.12.self_attn.o_proj.lora_B.weight,lora_B,32768,0.4876874089241028,0.4876878559589386,0.0003720285021699965,0.0007628421307630973,-2.277334587574842e-08,2.055060576822143e-06,5.327165126800537e-06
model.layers.27.self_attn.q_proj.lora_B.weight,lora_B,32768,0.5502970218658447,0.5503323078155518,0.00037083408096805215,0.0006738798616621565,-6.5048917363697e-09,2.04857747121423e-06,5.243462510406971e-06
model.layers.17.self_attn.o_proj.lora_A.weight,lora_A,32768,2.4840548038482666,2.4840590953826904,0.0003703248221427202,0.00014908077775458803,-8.660648198599574e-09,2.045754399659927e-06,5.484907887876034e-06
model.layers.10.self_attn.o_proj.lora_B.weight,lora_B,32768,0.4680306911468506,0.4680330455303192,0.0003703024995047599,0.0007911927711351151,-6.0368083865114386e-09,2.0456423044379335e-06,5.346664693206549e-06
model.layers.14.self_attn.v_proj.lora_A.weight,lora_A,32768,2.4160194396972656,2.4160261154174805,0.0003702625981532037,0.00015325315354234017,2.49283136355416e-08,2.0452766875678208e-06,5.1781535148620605e-06
model.layers.8.self_attn.o_proj.lora_B.weight,lora_B,32768,0.46328648924827576,0.4632842242717743,0.0003697715583257377,0.0007981488062078511,-1.0788723692201074e-08,2.0426894025149522e-06,5.529262125492096e-06
model.layers.9.self_attn.o_proj.lora_B.weight,lora_B,32768,0.4658604860305786,0.46586644649505615,0.000369667453924194,0.0007935153656709348,-1.0079389767270186e-08,2.0421180124685634e-06,5.343928933143616e-06
model.layers.7.mlp.down_proj.lora_B.weight,lora_B,32768,0.4806123971939087,0.480618953704834,0.00036966524203307927,0.0007691546123058775,8.838233256369676e-09,2.0421123281266773e-06,5.393754690885544e-06
model.layers.12.self_attn.q_proj.lora_B.weight,lora_B,32768,0.47977882623672485,0.47976914048194885,0.0003693921025842428,0.0007699216438575871,1.0152422902365288e-08,2.0405959730851464e-06,5.3551048040390015e-06
model.layers.9.mlp.down_proj.lora_B.weight,lora_B,32768,0.4827931523323059,0.48279866576194763,0.00036860519321635365,0.0007634847168723784,6.552905773560269e-09,2.0362642771942774e-06,5.272217094898224e-06
model.layers.15.self_attn.o_proj.lora_A.weight,lora_A,32768,2.490536689758301,2.4905428886413574,0.00036858144449070096,0.00014799277842659315,1.2198342780322946e-08,2.036105570368818e-06,5.370005965232849e-06
model.layers.12.mlp.gate_proj.lora_A.weight,lora_A,32768,2.7517969608306885,2.7517549991607666,0.00036834998172707856,0.00013385797970206503,-2.4957764743760436e-09,2.0348618363641435e-06,5.386769771575928e-06
model.layers.26.mlp.up_proj.lora_A.weight,lora_A,32768,2.675602674484253,2.6755616664886475,0.0003682193055283278,0.00013762107096088378,3.22949222919533e-09,2.0341390154499095e-06,5.278736352920532e-06
model.layers.9.self_attn.q_proj.lora_A.weight,lora_A,32768,2.409555196762085,2.409555435180664,0.0003682185197249055,0.00015281597210128683,-2.0566972569469044e-09,2.034135604844778e-06,5.252659320831299e-06
model.layers.24.self_attn.v_proj.lora_A.weight,lora_A,32768,2.510098457336426,2.5100760459899902,0.0003681248053908348,0.00014665751628781446,-1.388370307608966e-09,2.033619011854171e-06,4.974193871021271e-06
model.layers.10.mlp.down_proj.lora_B.weight,lora_B,32768,0.4895867109298706,0.4895923137664795,0.00036797625944018364,0.0007516058978424627,-1.368860846895359e-08,2.0327545371401357e-06,5.425943527370691e-06
model.layers.9.mlp.up_proj.lora_A.weight,lora_A,32768,2.505483627319336,2.5055038928985596,0.00036758609348908067,0.00014671263044028268,-5.994426288680188e-09,2.030634504990303e-06,5.358830094337463e-06
model.layers.13.self_attn.o_proj.lora_B.weight,lora_B,32768,0.4954723119735718,0.4954673945903778,0.00036754345637746155,0.0007418042290061733,2.5930663838380497e-08,2.030244104389567e-06,5.3872354328632355e-06
model.layers.15.mlp.down_proj.lora_B.weight,lora_B,32768,0.5400098562240601,0.5400120615959167,0.0003675094631034881,0.0006805606580465851,5.9590399281717055e-09,2.030213863690733e-06,5.270121619105339e-06
model.layers.14.self_attn.o_proj.lora_B.weight,lora_B,32768,0.4784388840198517,0.47844186425209045,0.0003658497880678624,0.0007646740268976179,-2.9660478517712363e-08,2.0208360638207523e-06,5.381647497415543e-06
model.layers.15.self_attn.q_proj.lora_B.weight,lora_B,32768,0.5071318745613098,0.507134199142456,0.00036502015427686274,0.000719773637956834,-1.0902160063608335e-08,2.016440021179733e-06,5.316949682310224e-06
model.layers.13.mlp.down_proj.lora_B.weight,lora_B,32768,0.5344386100769043,0.5344338417053223,0.00036483106669038534,0.0006826435437325292,1.8743987695302167e-08,2.015338623095886e-06,5.332287400960922e-06
model.layers.12.mlp.down_proj.lora_B.weight,lora_B,32768,0.5077056288719177,0.5077049732208252,0.0003646817640401423,0.0007182937184494817,1.0385642568166986e-08,2.0145739654253703e-06,5.299865733832121e-06
model.layers.16.self_attn.o_proj.lora_B.weight,lora_B,32768,0.4966014623641968,0.49660125374794006,0.0003644501557573676,0.0007338886076217145,3.4107654478532368e-09,2.0133181806158973e-06,5.29095996171236e-06
model.layers.7.self_attn.v_proj.lora_A.weight,lora_A,32768,2.457012891769409,2.457012176513672,0.00036359287332743406,0.000147981670973486,-2.1627403867796602e-08,2.008467163250316e-06,5.174428224563599e-06
model.layers.8.mlp.down_proj.lora_B.weight,lora_B,32768,0.4943607449531555,0.49436154961586,0.0003635672910604626,0.0007354291269524513,-3.288447913973869e-08,2.0081749880773714e-06,5.262438207864761e-06
model.layers.16.mlp.down_proj.lora_B.weight,lora_B,32768,0.5716413855552673,0.5716375112533569,0.00036351807648316026,0.0006359198015903883,1.6966032134746456e-08,2.008100409511826e-06,5.369773134589195e-06
model.layers.6.self_attn.v_proj.lora_A.weight,lora_A,32768,2.3988616466522217,2.3988609313964844,0.0003635086177382618,0.000151533798643854,8.565502085389198e-09,2.008099954764475e-06,5.245208740234375e-06
model.layers.21.self_attn.q_proj.lora_B.weight,lora_B,32768,0.5277130603790283,0.5277116298675537,0.00036291725700721145,0.0006877170270270499,-2.066896431784926e-09,2.0048519218107685e-06,5.390960723161697e-06
model.layers.21.self_attn.v_proj.lora_A.weight,lora_A,32768,2.438765287399292,2.4387784004211426,0.0003627791884355247,0.00014875526985312873,-3.2656515269735564e-09,2.0040854451508494e-06,5.122274160385132e-06
model.layers.17.self_attn.o_proj.lora_B.weight,lora_B,32768,0.5115612149238586,0.5115649104118347,0.0003625564568210393,0.0007087254589365276,2.018508737933189e-08,2.0027582650072873e-06,5.227397195994854e-06
model.layers.10.self_attn.q_proj.lora_B.weight,lora_B,32768,0.47106069326400757,0.4710633456707001,0.00036251344135962427,0.0007695684368138362,2.898341566748286e-09,2.0026209313073196e-06,5.339730705600232e-06
model.layers.11.self_attn.q_proj.lora_B.weight,lora_B,32768,0.4513193666934967,0.4513331353664398,0.0003623907396104187,0.0008029585396820077,1.7168090948871395e-08,2.001870598178357e-06,5.5023119784891605e-06
model.layers.8.self_attn.q_proj.lora_B.weight,lora_B,32768,0.47973132133483887,0.47973892092704773,0.00036233439459465444,0.0007552860913614504,1.825284456913323e-08,2.001549546548631e-06,5.3318217396736145e-06
model.layers.18.mlp.gate_proj.lora_A.weight,lora_A,32768,2.7703378200531006,2.770298480987549,0.00036214807187207043,0.0001307234335288138,1.7000207463979677e-08,2.000529775614268e-06,5.248934030532837e-06
model.layers.19.mlp.up_proj.lora_A.weight,lora_A,32768,2.6413440704345703,2.6413183212280273,0.0003621450741775334,0.00013710636120115583,7.553867753529175e-09,2.000571839744225e-06,5.2656978368759155e-06
model.layers.19.self_attn.o_proj.lora_A.weight,lora_A,32768,2.4986188411712646,2.4986166954040527,0.0003621090727392584,0.00014492369415157152,8.6395406384554e-09,2.0003687950520543e-06,5.327165126800537e-06
model.layers.5.mlp.up_proj.lora_A.weight,lora_A,32768,2.4994401931762695,2.49945068359375,0.0003618648333940655,0.0001447783525214942,4.950321041974348e-09,1.9990313830930972e-06,5.318550392985344e-06
model.layers.14.self_attn.q_proj.lora_B.weight,lora_B,32768,0.4755120277404785,0.47551971673965454,0.00036175467539578676,0.0007607687172809487,2.508543417434339e-08,1.9982728645118186e-06,5.339388735592365e-06
model.layers.14.mlp.down_proj.lora_B.weight,lora_B,32768,0.5289427638053894,0.5289399027824402,0.00036151392851024866,0.0006834651180581387,1.4379223145510878e-08,1.997049139390583e-06,5.420297384262085e-06
model.layers.13.self_attn.q_proj.lora_A.weight,lora_A,32768,2.4019055366516113,2.4019007682800293,0.00036136244307272136,0.0001504482326879851,2.0456780713828948e-10,1.996262199099874e-06,5.086883902549744e-06
model.layers.5.self_attn.o_proj.lora_B.weight,lora_B,32768,0.46749594807624817,0.46749845147132874,0.0003612748405430466,0.0007727871054919239,1.4102067957821873e-08,1.9957299173256615e-06,5.351743311621249e-06
model.layers.7.self_attn.o_proj.lora_B.weight,lora_B,32768,0.46997708082199097,0.46998053789138794,0.0003611297288443893,0.0007683985955501758,9.814015378140084e-09,1.9949538909713738e-06,5.4782722145318985e-06
model.layers.19.self_attn.k_proj.lora_A.weight,lora_A,32768,2.4262783527374268,2.426274538040161,0.0003608797851484269,0.00014873799815312514,2.5261170932822097e-09,1.9935944237658987e-06,5.233101546764374e-06
model.layers.16.mlp.gate_proj.lora_A.weight,lora_A,32768,2.75675630569458,2.7567265033721924,0.00036049907794222236,0.00013076929476774792,2.4676718446414725e-09,1.9914914446417242e-06,5.270820111036301e-06
model.layers.14.mlp.gate_proj.lora_A.weight,lora_A,32768,2.8017730712890625,2.801732301712036,0.00036035204539075494,0.00012861571448574214,4.771250061708088e-09,1.9906749457732076e-06,5.3299590945243835e-06
model.layers.27.self_attn.v_proj.lora_A.weight,lora_A,32768,2.513834238052368,2.513794422149658,0.000360326434019953,0.0001433373881879823,2.6803435915212503e-08,1.990358668990666e-06,4.847359377890825e-06
model.layers.11.mlp.down_proj.lora_B.weight,lora_B,32768,0.5025935769081116,0.5025926232337952,0.0003603140648920089,0.0007169094103999752,-1.0826030738542158e-08,1.99044279725058e-06,5.317735485732555e-06
model.layers.15.self_attn.q_proj.lora_A.weight,lora_A,32768,2.4188637733459473,2.4188642501831055,0.00036025975714437664,0.00014893759669898205,5.504131372902066e-09,1.990163127629785e-06,5.310634151101112e-06
model.layers.2.self_attn.q_proj.lora_A.weight,lora_A,32768,2.4399428367614746,2.4399232864379883,0.00035946894786320627,0.00014732679079495478,6.933417395771357e-09,1.9857895949826343e-06,5.245208740234375e-06
model.layers.25.self_attn.o_proj.lora_B.weight,lora_B,32768,0.5289738178253174,0.5289809703826904,0.00035942226531915367,0.0006794708040499755,9.607790119048332e-10,1.9855460777762346e-06,5.327397957444191e-06
model.layers.24.self_attn.q_proj.lora_A.weight,lora_A,32768,2.456819772720337,2.4568378925323486,0.0003593622241169214,0.0001462713008528966,2.2073622929497105e-09,1.9852109289786313e-06,5.200505256652832e-06
model.layers.13.self_attn.k_proj.lora_A.weight,lora_A,32768,2.4289464950561523,2.428945541381836,0.00035929051227867603,0.0001479203074295673,-1.2426131235088178e-08,1.984777327379561e-06,5.113426595926285e-06
model.layers.15.self_attn.o_proj.lora_B.weight,lora_B,32768,0.5170140266418457,0.5170198082923889,0.00035922808456234634,0.0006948130341755633,1.0041190101617303e-08,1.984447408176493e-06,5.332054570317268e-06
model.layers.18.self_attn.k_proj.lora_A.weight,lora_A,32768,2.447929859161377,2.4479196071624756,0.0003587936516851187,0.0001465702337598986,1.076948485945195e-08,1.9820422494376544e-06,5.114823579788208e-06
model.layers.23.self_attn.q_proj.lora_B.weight,lora_B,32768,0.5480825901031494,0.5480821132659912,0.0003586118691600859,0.0006543026099270823,1.1624934792564545e-08,1.981034984055441e-06,5.325302481651306e-06
model.layers.16.self_attn.o_proj.lora_A.weight,lora_A,32768,2.4670794010162354,2.4670791625976562,0.0003585220838431269,0.00014532247470245386,1.8213787811305338e-08,1.9804879229923245e-06,5.31831756234169e-06
model.layers.10.self_attn.k_proj.lora_A.weight,lora_A,32768,2.3988802433013916,2.3988852500915527,0.0003583515645004809,0.0001493828487275003,5.233448785446626e-09,1.979622311409912e-06,5.252659320831299e-06
model.layers.8.self_attn.k_proj.lora_A.weight,lora_A,32768,2.4104976654052734,2.4104998111724854,0.0003583031939342618,0.00014864282968472437,1.3245156083030452e-08,1.979317630684818e-06,5.0300732254981995e-06
model.layers.19.self_attn.v_proj.lora_A.weight,lora_A,32768,2.4515979290008545,2.451608896255493,0.00035811561974696815,0.0001460743686844758,-4.6404946552058846e-09,1.978319687623298e-06,5.2247196435928345e-06
model.layers.5.self_attn.o_proj.lora_A.weight,lora_A,32768,2.48242449760437,2.4824235439300537,0.00035807964741252363,0.0001442459368887487,-2.8833526677374266e-09,1.978125283130794e-06,5.33275306224823e-06
model.layers.6.self_attn.q_proj.lora_B.weight,lora_B,32768,0.45681753754615784,0.45684054493904114,0.0003579522599466145,0.0007835781915672321,-9.79030190251251e-09,1.9774006432271563e-06,5.153007805347443e-06
model.layers.18.mlp.down_proj.lora_B.weight,lora_B,32768,0.576993465423584,0.5769886374473572,0.00035795129952020943,0.0006203732294566443,-7.434915350046367e-09,1.977406100195367e-06,5.32972626388073e-06
model.layers.15.self_attn.k_proj.lora_A.weight,lora_A,32768,2.415968656539917,2.4159700870513916,0.0003579289186745882,0.00014815130887799017,7.631745901903741e-09,1.9772796804318205e-06,5.2480027079582214e-06
model.layers.13.mlp.up_proj.lora_A.weight,lora_A,32768,2.5389201641082764,2.5389091968536377,0.0003573577560018748,0.00014075186807907628,-2.1921393589252602e-09,1.974137376237195e-06,5.2656978368759155e-06
model.layers.14.self_attn.q_proj.lora_A.weight,lora_A,32768,2.40933895111084,2.409344434738159,0.00035703909816220403,0.00014818965094039137,-2.0815296153386953e-08,1.9722692741197534e-06,5.277048330754042e-06
model.layers.18.self_attn.o_proj.lora_B.weight,lora_B,32768,0.512435793876648,0.5124356150627136,0.00035688007483258843,0.0006964386155243784,7.592306339176957e-09,1.971487336049904e-06,5.308305844664574e-06
model.layers.18.self_attn.q_proj.lora_B.weight,lora_B,32768,0.5219278335571289,0.5219231843948364,0.0003566186933312565,0.0006832720357156847,5.014044290874153e-09,1.9700516986631555e-06,5.241017788648605e-06
model.layers.19.self_attn.o_proj.lora_B.weight,lora_B,32768,0.534418523311615,0.5344201922416687,0.00035656828549690545,0.0006672079464749268,-1.1200240734865474e-09,1.969779077626299e-06,5.3658150136470795e-06
model.layers.20.self_attn.q_proj.lora_B.weight,lora_B,32768,0.5290384292602539,0.529018759727478,0.00035625495365820825,0.0006734008986007953,1.5737379399638485e-08,1.9679860088217538e-06,5.345325917005539e-06
model.layers.21.self_attn.o_proj.lora_B.weight,lora_B,32768,0.5631242394447327,0.5631279945373535,0.0003562474448699504,0.0006326267276671084,1.422333539835563e-08,1.9679559954965953e-06,5.228386726230383e-06
model.layers.8.mlp.gate_proj.lora_A.weight,lora_A,32768,2.680875301361084,2.6808457374572754,0.00035587913589552045,0.0001327473663974002,1.749636524550624e-08,1.965892579391948e-06,5.29363751411438e-06
model.layers.15.mlp.up_proj.lora_A.weight,lora_A,32768,2.5221073627471924,2.5221145153045654,0.0003558470925781876,0.0001410911755122839,-5.663437496750134e-10,1.96579367184313e-06,5.2745454013347626e-06
model.layers.8.self_attn.o_proj.lora_A.weight,lora_A,32768,2.4738640785217285,2.473863124847412,0.00035572052001953125,0.0001437914568985108,3.474826426597133e-09,1.965091314559686e-06,5.193054676055908e-06
model.layers.12.self_attn.v_proj.lora_A.weight,lora_A,32768,2.4212522506713867,2.4212472438812256,0.0003556636511348188,0.00014689244007360123,-1.1262782928511683e-09,1.9647795852506533e-06,5.192123353481293e-06
model.layers.19.self_attn.q_proj.lora_B.weight,lora_B,32768,0.5587329268455505,0.5587290525436401,0.00035555209615267813,0.000636354292130277,4.9264272661275754e-09,1.9641595372377196e-06,5.3318217396736145e-06
model.layers.18.mlp.up_proj.lora_A.weight,lora_A,32768,2.577531337738037,2.5775225162506104,0.0003548646636772901,0.00013767617816383505,-1.777610769693183e-08,1.9602857719291933e-06,5.294103175401688e-06
model.layers.26.self_attn.o_proj.lora_B.weight,lora_B,32768,0.5424609780311584,0.5424517393112183,0.00035473715979605913,0.000653940419979266,-6.420758147385186e-09,1.9596539004851365e-06,5.487352609634399e-06
model.layers.17.mlp.down_proj.lora_B.weight,lora_B,32768,0.5793057084083557,0.5793033242225647,0.00035428680712357163,0.0006115714069122083,-1.678312600006393e-09,1.9571757547964808e-06,5.391542799770832e-06
model.layers.20.self_attn.o_proj.lora_B.weight,lora_B,32768,0.5129256248474121,0.5129279494285583,0.0003539274330250919,0.0006900170626694273,-3.879713439403076e-09,1.955186917257379e-06,5.333335138857365e-06
model.layers.19.mlp.down_proj.lora_B.weight,lora_B,32768,0.6318773627281189,0.6318817734718323,0.0003539210301823914,0.0005601103173792203,1.561557283480397e-08,1.9550927845557453e-06,5.185604095458984e-06
model.layers.26.mlp.down_proj.lora_B.weight,lora_B,32768,0.5775903463363647,0.577573835849762,0.00035376634332351387,0.0006124865929069648,-1.5491564697711624e-09,1.95430015992315e-06,5.246693035587668e-06
model.layers.13.self_attn.v_proj.lora_A.weight,lora_A,32768,2.4085869789123535,2.4085781574249268,0.0003536170406732708,0.00014681514255837828,5.781856771136518e-09,1.9534661532816244e-06,5.1371753215789795e-06
model.layers.20.mlp.down_proj.lora_B.weight,lora_B,32768,0.6063642501831055,0.6063709259033203,0.0003532764094416052,0.000582614178416563,-1.917442205012776e-09,1.9515937310643494e-06,5.306443199515343e-06
model.layers.23.self_attn.o_proj.lora_B.weight,lora_B,32768,0.5645670294761658,0.5645627379417419,0.00035323944757692516,0.0006256820344338542,1.5653967011530767e-09,1.951389776877477e-06,5.3531257435679436e-06
model.layers.18.self_attn.v_proj.lora_A.weight,lora_A,32768,2.43723201751709,2.4372329711914062,0.00035312250838615,0.0001448867017371168,3.6163949612699753e-10,1.950742898770841e-06,5.153939127922058e-06
model.layers.16.self_attn.q_proj.lora_B.weight,lora_B,32768,0.48815086483955383,0.4881368577480316,0.00035311124520376325,0.0007233649894686234,-3.1139071321462097e-09,1.9506792341417167e-06,5.259527824819088e-06
model.layers.0.self_attn.q_proj.lora_A.weight,lora_A,32768,2.446687936782837,2.446674108505249,0.0003530826361384243,0.00014431044957972634,8.191581635230705e-09,1.9505046111589763e-06,5.023553967475891e-06
model.layers.22.self_attn.o_proj.lora_B.weight,lora_B,32768,0.5628395676612854,0.5628397464752197,0.00035293420660309494,0.0006270600485136634,-1.6375482303487843e-08,1.9496355889714323e-06,5.3746625781059265e-06
model.layers.8.mlp.up_proj.lora_A.weight,lora_A,32768,2.480294942855835,2.480299949645996,0.000352704431861639,0.00014220261702244645,2.348936378737676e-09,1.948431417986285e-06,5.120411515235901e-06
model.layers.8.self_attn.q_proj.lora_A.weight,lora_A,32768,2.4185404777526855,2.418546676635742,0.0003526085347402841,0.0001457939356334151,3.2422595719339142e-09,1.9479007278278004e-06,5.309469997882843e-06
model.layers.10.self_attn.q_proj.lora_A.weight,lora_A,32768,2.4030914306640625,2.4030892848968506,0.0003525542560964823,0.00014670863188882437,-8.50889669834487e-09,1.94758490579261e-06,5.300389602780342e-06
model.layers.10.mlp.up_proj.lora_A.weight,lora_A,32768,2.510546922683716,2.5105550289154053,0.0003525284118950367,0.00014041896955193815,-1.3441000312752749e-08,1.947414148162352e-06,5.414709448814392e-06
model.layers.17.self_attn.q_proj.lora_B.weight,lora_B,32768,0.5048930048942566,0.5048924088478088,0.00035243789898231626,0.0006980447254485727,6.34524921494517e-09,1.946951442732825e-06,5.415931809693575e-06
model.layers.11.mlp.up_proj.lora_A.weight,lora_A,32768,2.529888391494751,2.5298831462860107,0.0003524093481246382,0.00013929837747364888,5.670407254854126e-09,1.9467943275230937e-06,5.309469997882843e-06
model.layers.5.self_attn.q_proj.lora_B.weight,lora_B,32768,0.5101320743560791,0.5101362466812134,0.0003523807099554688,0.0006907636819352438,-1.3464795500794935e-08,1.9465996956569143e-06,5.387497367337346e-06
model.layers.25.self_attn.q_proj.lora_A.weight,lora_A,32768,2.443234920501709,2.4432499408721924,0.00035221557482145727,0.00014415952058721032,-2.059413972688162e-09,1.945731582964072e-06,5.190260708332062e-06
model.layers.24.self_attn.o_proj.lora_A.weight,lora_A,32768,2.5320851802825928,2.5320889949798584,0.00035153247881680727,0.00013883122161694993,-1.8734299445100078e-08,1.941868276844616e-06,5.2051618695259094e-06
model.layers.20.self_attn.q_proj.lora_A.weight,lora_A,32768,2.397268056869507,2.3972666263580322,0.00035123078851029277,0.0001465129389697665,1.849011788124244e-08,1.9402039015403716e-06,5.093403160572052e-06
model.layers.0.self_attn.o_proj.lora_A.weight,lora_A,32768,2.4641783237457275,2.464181900024414,0.00035119702806696296,0.00014252094691471774,-8.218375313617798e-09,1.9400883957132464e-06,5.268026143312454e-06
model.layers.25.self_attn.q_proj.lora_B.weight,lora_B,32768,0.5396745204925537,0.5396957397460938,0.00035112499608658254,0.0006506236310102531,8.72825145492584e-11,1.9397098185436334e-06,5.183974280953407e-06
model.layers.5.self_attn.q_proj.lora_A.weight,lora_A,32768,2.427375078201294,2.4273641109466553,0.0003510157985147089,0.00014460715266748748,-9.592692862270269e-09,1.939080675583682e-06,5.1157549023628235e-06
model.layers.20.mlp.gate_proj.lora_A.weight,lora_A,32768,2.796809196472168,2.796769618988037,0.00035089589073322713,0.00012546293511042487,-5.458962171189796e-10,1.9384422103030374e-06,5.160924047231674e-06
model.layers.23.mlp.down_proj.lora_B.weight,lora_B,32768,0.6151636838912964,0.6151618957519531,0.0003507981891743839,0.000570251785598534,-1.2371496715957164e-08,1.9378646811674116e-06,5.251145921647549e-06
model.layers.10.self_attn.o_proj.lora_A.weight,lora_A,32768,2.4704692363739014,2.4704701900482178,0.0003507126239128411,0.0001419619474507641,-1.567919838407761e-08,1.9373665054445155e-06,5.255453288555145e-06
model.layers.9.self_attn.o_proj.lora_A.weight,lora_A,32768,2.455200672149658,2.4552056789398193,0.00035065802512690425,0.00014282255177939675,1.589789455636037e-08,1.9370627342141233e-06,5.077570676803589e-06
model.layers.20.self_attn.v_proj.lora_A.weight,lora_A,32768,2.446101665496826,2.446113348007202,0.0003506062785163522,0.00014333266824588043,2.2783689601624246e-08,1.936708031280432e-06,5.142763257026672e-06
model.layers.26.mlp.gate_proj.lora_A.weight,lora_A,32768,2.788484811782837,2.7885239124298096,0.0003505004569888115,0.0001256956665167262,2.7314439599024354e-09,1.9362553302926244e-06,5.184672772884369e-06
model.layers.22.mlp.up_proj.lora_A.weight,lora_A,32768,2.7407281398773193,2.740675449371338,0.0003503612824715674,0.00012783510971914577,1.2689189698988912e-09,1.9354879441380035e-06,5.084089934825897e-06
model.layers.7.mlp.gate_proj.lora_A.weight,lora_A,32768,2.7226994037628174,2.7226879596710205,0.0003503000480122864,0.00012865909748544614,2.4857861546934146e-08,1.934990677909809e-06,5.168840289115906e-06
model.layers.22.mlp.gate_proj.lora_A.weight,lora_A,32768,2.8741915225982666,2.8741567134857178,0.00035027749254368246,0.0001218699205636206,8.000688112019816e-09,1.9350093225511955e-06,5.088746547698975e-06
model.layers.12.self_attn.q_proj.lora_A.weight,lora_A,32768,2.415964126586914,2.415959596633911,0.0003500798193272203,0.00014490273902443486,1.209419231429365e-10,1.9339340724400245e-06,5.149282515048981e-06
model.layers.5.mlp.gate_proj.lora_A.weight,lora_A,32768,2.7181296348571777,2.718165636062622,0.00034981846692971885,0.00012869822779740226,-1.3271890253463425e-08,1.932444547492196e-06,5.194917321205139e-06
model.layers.24.self_attn.o_proj.lora_B.weight,lora_B,32768,0.554103672504425,0.5541074275970459,0.0003497871512081474,0.0006312666177200874,8.89508910972836e-09,1.932298346218886e-06,5.348818376660347e-06
model.layers.3.self_attn.q_proj.lora_B.weight,lora_B,32768,0.4778105914592743,0.47781437635421753,0.00034977387986145914,0.0007320345888382672,7.732293028084314e-09,1.9322299067425774e-06,5.293230060487986e-06
model.layers.23.self_attn.q_proj.lora_A.weight,lora_A,32768,2.420548439025879,2.42055082321167,0.00034949221299029887,0.000144385548066515,7.432638504667466e-09,1.930673761307844e-06,5.1746610552072525e-06
model.layers.1.self_attn.q_proj.lora_A.weight,lora_A,32768,2.4411258697509766,2.4411275386810303,0.0003494880220387131,0.0001431667356318521,-4.688383015150066e-09,1.9306587546452647e-06,5.107372999191284e-06
model.layers.27.self_attn.o_proj.lora_B.weight,lora_B,32768,0.5378172993659973,0.5378109216690063,0.00034929250250570476,0.0006494631223604487,-7.068663876452774e-09,1.9295725905976724e-06,5.331123247742653e-06
model.layers.14.mlp.up_proj.lora_A.weight,lora_A,32768,2.507925033569336,2.5079164505004883,0.00034877084544859827,0.00013906749236129265,2.258623865714071e-08,1.92657034858712e-06,5.150213837623596e-06
model.layers.21.mlp.down_proj.lora_B.weight,lora_B,32768,0.617488443851471,0.6174876689910889,0.00034853650140576065,0.0005644421444259396,-8.40549763125864e-09,1.925391416079947e-06,5.44404610991478e-06
model.layers.1.self_attn.q_proj.lora_B.weight,lora_B,32768,0.46966543793678284,0.46967533230781555,0.00034818114363588393,0.0007413386540968962,-1.736518928652231e-09,1.9234460069128545e-06,5.224079359322786e-06
model.layers.20.self_attn.k_proj.lora_A.weight,lora_A,32768,2.4340388774871826,2.4340262413024902,0.00034810524084605277,0.00014301548100391253,-1.2595912757262795e-08,1.92298466572538e-06,5.080248229205608e-06
model.layers.14.self_attn.k_proj.lora_A.weight,lora_A,32768,2.4099490642547607,2.409951686859131,0.0003473646647762507,0.0001441377620500323,-1.3189963787851866e-08,1.918889438456972e-06,5.0906091928482056e-06
model.layers.6.mlp.up_proj.lora_A.weight,lora_A,32768,2.513643741607666,2.5136523246765137,0.0003471997915767133,0.00013812609393670588,8.733276324335293e-09,1.9180042727384716e-06,5.280598998069763e-06
model.layers.7.mlp.up_proj.lora_A.weight,lora_A,32768,2.5027263164520264,2.502732753753662,0.00034719755058176816,0.00013872773395133772,-1.1344354788889177e-08,1.9179776700184448e-06,5.034729838371277e-06
model.layers.19.mlp.gate_proj.lora_A.weight,lora_A,32768,2.8112895488739014,2.8112952709198,0.00034713963395915926,0.00012348056929895767,5.306329597942749e-09,1.917683903229772e-06,5.059409886598587e-06
model.layers.22.mlp.down_proj.lora_B.weight,lora_B,32768,0.5895972847938538,0.5895971059799194,0.0003467900969553739,0.0005881812991669818,-9.917770604772613e-09,1.9157369024469517e-06,5.40376640856266e-06
model.layers.18.self_attn.o_proj.lora_A.weight,lora_A,32768,2.452338457107544,2.4523367881774902,0.0003466821217443794,0.00014136797501976137,8.442566645783245e-09,1.9151459582644748e-06,5.144625902175903e-06
model.layers.26.self_attn.q_proj.lora_B.weight,lora_B,32768,0.5380483865737915,0.5380479097366333,0.0003466772905085236,0.0006443236317761506,1.7447117528490708e-08,1.9150595562678063e-06,5.270587280392647e-06
model.layers.24.mlp.down_proj.lora_B.weight,lora_B,32768,0.6158661246299744,0.6158670783042908,0.00034664905979298055,0.0005628643075656333,3.225550049279491e-09,1.9149806576024275e-06,5.349284037947655e-06
model.layers.16.mlp.up_proj.lora_A.weight,lora_A,32768,2.548989772796631,2.548987865447998,0.0003460923326201737,0.00013577627353147736,1.6036029393262652e-08,1.911839262902504e-06,5.209818482398987e-06
model.layers.25.self_attn.k_proj.lora_A.weight,lora_A,32768,2.419036865234375,2.4190380573272705,0.0003458112187217921,0.00014295409205691755,-9.437171044623938e-09,1.9103299564449117e-06,5.163252353668213e-06
model.layers.24.self_attn.q_proj.lora_B.weight,lora_B,32768,0.5462272763252258,0.5462416410446167,0.00034581043291836977,0.0006330889135468089,1.347662648143455e-09,1.9103499653283507e-06,5.229376256465912e-06
model.layers.11.self_attn.o_proj.lora_A.weight,lora_A,32768,2.4856796264648438,2.4856760501861572,0.0003455455298535526,0.00013901450781289565,1.7088733983428028e-08,1.9088083718088455e-06,5.273148417472839e-06
model.layers.26.self_attn.v_proj.lora_A.weight,lora_A,32768,2.5002026557922363,2.500211000442505,0.0003453420358709991,0.00013812561756581726,4.471698566987925e-09,1.907755404317868e-06,5.083158612251282e-06
model.layers.27.self_attn.k_proj.lora_A.weight,lora_A,32768,2.4318718910217285,2.431884527206421,0.00034521488123573363,0.00014195438604732374,5.929278845684394e-09,1.9070489543082658e-06,5.101785063743591e-06
model.layers.23.self_attn.o_proj.lora_A.weight,lora_A,32768,2.5052902698516846,2.505286455154419,0.00034488877281546593,0.0001376641968261361,-4.761167016198442e-10,1.9052571360589354e-06,5.1924725994467735e-06
model.layers.16.self_attn.k_proj.lora_A.weight,lora_A,32768,2.419898271560669,2.4198920726776123,0.000344699714332819,0.00014244388633349915,2.6122866092492814e-09,1.9042108760913834e-06,5.176756531000137e-06
model.layers.19.self_attn.q_proj.lora_A.weight,lora_A,32768,2.4451262950897217,2.445126533508301,0.00034461787436157465,0.0001409407256605243,1.3554156907957804e-08,1.9037117908737855e-06,5.280518962536007e-06
model.layers.6.self_attn.q_proj.lora_A.weight,lora_A,32768,2.395540475845337,2.395549774169922,0.0003445573092903942,0.0001438328063185019,-1.0941668016073436e-08,1.9033946045965422e-06,5.263369530439377e-06
model.layers.14.self_attn.o_proj.lora_A.weight,lora_A,32768,2.4608473777770996,2.4608516693115234,0.0003444817557465285,0.0001399850144537209,-3.0954314667042127e-09,1.9030062503588852e-06,5.216337740421295e-06
model.layers.2.mlp.down_proj.lora_B.weight,lora_B,32768,0.3321287930011749,0.33214184641838074,0.00034442092874087393,0.0010370101478665102,-1.817628492162271e-09,1.9026737163585494e-06,5.181645974516869e-06
model.layers.17.self_attn.v_proj.lora_A.weight,lora_A,32768,2.4486448764801025,2.4486494064331055,0.00034438297734595835,0.00014064227142688193,-1.0679390705092828e-09,1.9024624862140627e-06,5.090376362204552e-06
model.layers.24.mlp.up_proj.lora_A.weight,lora_A,32768,2.7451369762420654,2.7450969219207764,0.00034426883212290704,0.00012541043856914975,-7.302002558162712e-09,1.9018179955310188e-06,5.149282515048981e-06
model.layers.16.self_attn.q_proj.lora_A.weight,lora_A,32768,2.402512311935425,2.40250301361084,0.0003440519794821739,0.00014320508484928898,-4.3843169095225676e-09,1.900628717521613e-06,5.286186933517456e-06
model.layers.21.self_attn.q_proj.lora_A.weight,lora_A,32768,2.428643226623535,2.428647041320801,0.00034404409234412014,0.00014166102644167856,3.522470759520502e-09,1.9005877902600332e-06,5.2228569984436035e-06
model.layers.20.mlp.up_proj.lora_A.weight,lora_A,32768,2.628286600112915,2.6282870769500732,0.00034390497603453696,0.00013084759326466235,5.784593248847614e-09,1.8998131281477981e-06,5.182810127735138e-06
model.layers.21.self_attn.o_proj.lora_A.weight,lora_A,32768,2.5112180709838867,2.5112226009368896,0.0003437937411945313,0.00013690318063848357,-3.485640220901587e-08,1.8988876036019064e-06,5.2032992243766785e-06
model.layers.15.self_attn.v_proj.lora_A.weight,lora_A,32768,2.413879871368408,2.413891553878784,0.000343761348631233,0.00014241029667990792,8.833963782706178e-09,1.899007884276216e-06,5.1818788051605225e-06
model.layers.7.self_attn.q_proj.lora_B.weight,lora_B,32768,0.4602885842323303,0.460298627614975,0.00034373922972008586,0.0007467906906563291,-3.5545988374963144e-09,1.8989049976880779e-06,5.222158506512642e-06
model.layers.6.mlp.gate_proj.lora_A.weight,lora_A,32768,2.706132173538208,2.7061221599578857,0.00034354301169514656,0.00012694982715717528,2.563514955866708e-09,1.8978208800035645e-06,5.169771611690521e-06
model.layers.0.self_attn.q_proj.lora_B.weight,lora_B,32768,0.48391830921173096,0.48391488194465637,0.0003433717065490782,0.0007095654370019739,2.1721589860135282e-08,1.8967533605973586e-06,5.209818482398987e-06
model.layers.25.mlp.down_proj.lora_B.weight,lora_B,32768,0.6072085499763489,0.6072103381156921,0.00034307086025364697,0.0005649967548497296,4.341492498838306e-09,1.8952110849568271e-06,5.466194124892354e-06
model.layers.0.self_attn.k_proj.lora_A.weight,lora_A,32768,2.4405741691589355,2.440587043762207,0.000342892570188269,0.00014049668087179492,1.4390002966990778e-08,1.8941751704915077e-06,5.035195499658585e-06
model.layers.9.mlp.gate_proj.lora_A.weight,lora_A,32768,2.7401721477508545,2.7401981353759766,0.000342604675097391,0.00012503034722785664,-1.5820813104028275e-08,1.8925728682006593e-06,5.0533562898635864e-06
model.layers.20.self_attn.o_proj.lora_A.weight,lora_A,32768,2.4665369987487793,2.4665369987487793,0.0003424826427362859,0.00013885161378484083,-8.833507258998452e-09,1.891944521048572e-06,5.2478862926363945e-06
model.layers.25.mlp.up_proj.lora_A.weight,lora_A,32768,2.7296998500823975,2.7296597957611084,0.00034218697692267597,0.00012535699736817104,-2.6121047547178478e-09,1.8903295995187364e-06,5.125999450683594e-06
model.layers.1.mlp.gate_proj.lora_A.weight,lora_A,32768,2.657855749130249,2.6578829288482666,0.00034217932261526585,0.00012874262372111048,-2.5543029913421833e-09,1.890287649075617e-06,5.187001079320908e-06
model.layers.6.self_attn.o_proj.lora_B.weight,lora_B,32768,0.45213159918785095,0.4521392583847046,0.0003416111576370895,0.0007555569180537576,1.5916719053876704e-09,1.8871518250307417e-06,5.447538569569588e-06
model.layers.18.self_attn.q_proj.lora_A.weight,lora_A,32768,2.4102795124053955,2.41027569770813,0.0003415239916648716,0.00014169476606638024,4.375148243696003e-09,1.8866639948100783e-06,5.148351192474365e-06
model.layers.25.mlp.gate_proj.lora_A.weight,lora_A,32768,2.929096221923828,2.929088830947876,0.0003414155507925898,0.00011656003248959445,9.317945526277072e-09,1.8860473574022762e-06,5.169538781046867e-06
model.layers.12.self_attn.k_proj.lora_A.weight,lora_A,32768,2.40409517288208,2.4041013717651367,0.0003413624654058367,0.00014199207637716112,6.861300860805386e-09,1.8857646182368626e-06,5.2051618695259094e-06
model.layers.7.self_attn.o_proj.lora_A.weight,lora_A,32768,2.4779465198516846,2.4779512882232666,0.00033924091258086264,0.00013690404932595866,1.158191320627111e-08,1.874020995273895e-06,5.060108378529549e-06
model.layers.6.self_attn.k_proj.lora_A.weight,lora_A,32768,2.4100823402404785,2.410085916519165,0.0003389353514648974,0.00014063227044395436,-1.193100840346517e-09,1.8723685570876114e-06,5.306676030158997e-06
model.layers.2.self_attn.v_proj.lora_A.weight,lora_A,32768,2.4209940433502197,2.4209988117218018,0.00033847917802631855,0.00013981000034098568,-7.751681962986368e-09,1.8698328858590685e-06,5.042180418968201e-06
model.layers.6.self_attn.o_proj.lora_A.weight,lora_A,32768,2.4750888347625732,2.4750990867614746,0.0003384579031262547,0.00013674575973703256,-1.0567466013355897e-08,1.8697008954404737e-06,5.220063030719757e-06
model.layers.10.mlp.gate_proj.lora_A.weight,lora_A,32768,2.7053894996643066,2.705425262451172,0.00033839489333331585,0.00012508176489015905,2.6825612842173996e-09,1.8693810943659628e-06,5.041249096393585e-06
model.layers.23.mlp.up_proj.lora_A.weight,lora_A,32768,2.806849718093872,2.8068487644195557,0.00033828418236225843,0.00012052094566430396,5.968525229604893e-09,1.86876150110038e-06,5.1120296120643616e-06
model.layers.11.self_attn.k_proj.lora_A.weight,lora_A,32768,2.3968331813812256,2.3968348503112793,0.00033769896253943443,0.0001408938115354479,-9.194542904822356e-09,1.8655159692571033e-06,5.1353126764297485e-06
model.layers.23.self_attn.k_proj.lora_A.weight,lora_A,32768,2.457423448562622,2.4574286937713623,0.00033749613794498146,0.00013733739626452544,1.923789127999953e-08,1.8643188468558947e-06,5.0906091928482056e-06
model.layers.26.self_attn.k_proj.lora_A.weight,lora_A,32768,2.4116272926330566,2.4116389751434326,0.00033748269197531044,0.00013993982113498184,9.568689840477873e-09,1.8643188468558947e-06,5.15926512889564e-06
model.layers.3.self_attn.q_proj.lora_A.weight,lora_A,32768,2.4156136512756348,2.4156103134155273,0.0003374167426954955,0.00013968158464302137,1.1551164469381092e-08,1.8639435666045756e-06,5.144625902175903e-06
model.layers.4.mlp.gate_proj.lora_A.weight,lora_A,32768,2.6516268253326416,2.651662826538086,0.00033731380244717,0.0001272101335016682,-1.5940967657002147e-08,1.8633427316672169e-06,5.076639354228973e-06
model.layers.9.self_attn.k_proj.lora_A.weight,lora_A,32768,2.4061102867126465,2.4061062335968018,0.00033700454514473677,0.00014006196931445314,8.957711017387737e-09,1.8616810848470777e-06,5.1300739869475365e-06
model.layers.27.mlp.down_proj.lora_B.weight,lora_B,32768,0.4759768545627594,0.4759922921657562,0.00033690614509396255,0.0007078204367803774,-4.068902548226561e-09,1.8611558516568039e-06,5.187524948269129e-06
model.layers.2.self_attn.q_proj.lora_B.weight,lora_B,32768,0.48174095153808594,0.48170772194862366,0.00033686193637549877,0.0006992594989069905,-7.0630417070560725e-09,1.8609033531902242e-06,5.259178578853607e-06
model.layers.17.self_attn.k_proj.lora_A.weight,lora_A,32768,2.4227020740509033,2.4227116107940674,0.0003367348399478942,0.00013899143586600945,-8.040685450794172e-09,1.8601950841912185e-06,5.06080687046051e-06
model.layers.17.self_attn.q_proj.lora_A.weight,lora_A,32768,2.4379069805145264,2.437903642654419,0.0003366795717738569,0.000138101894151351,-8.301650034070462e-09,1.859888584476721e-06,5.31109981238842e-06
model.layers.22.self_attn.q_proj.lora_A.weight,lora_A,32768,2.419877052307129,2.4198708534240723,0.00033666504896245897,0.00013912485704241874,-1.8591899575426396e-08,1.8597339703774196e-06,5.395151674747467e-06
model.layers.11.mlp.gate_proj.lora_A.weight,lora_A,32768,2.6834123134613037,2.6834235191345215,0.0003365764277987182,0.00012542851730622492,1.0241874015548547e-08,1.8593095774122048e-06,5.018431693315506e-06
model.layers.21.mlp.gate_proj.lora_A.weight,lora_A,32768,2.8251922130584717,2.8251614570617676,0.00033617010922171175,0.00011899017265723796,-5.888789456065524e-10,1.8570929114503087e-06,5.123671144247055e-06
model.layers.22.self_attn.q_proj.lora_B.weight,lora_B,32768,0.5478741526603699,0.5478690266609192,0.0003360845730639994,0.000613433890670035,3.919495394910655e-09,1.8566178141554701e-06,5.032401531934738e-06
model.layers.22.self_attn.k_proj.lora_A.weight,lora_A,32768,2.4390783309936523,2.4390745162963867,0.0003357692912686616,0.00013766236491956905,5.960647087022153e-09,1.8548690832176362e-06,5.193054676055908e-06
model.layers.11.self_attn.q_proj.lora_A.weight,lora_A,32768,2.3856678009033203,2.3856704235076904,0.0003352643398102373,0.00014053270102538636,5.0266404372223406e-09,1.8520820503908908e-06,5.035661160945892e-06
model.layers.10.self_attn.v_proj.lora_A.weight,lora_A,32768,2.411848545074463,2.411839008331299,0.00033524513128213584,0.00013899924685021445,3.5017306831974793e-09,1.8519796185501036e-06,4.814937710762024e-06
model.layers.0.mlp.up_proj.lora_A.weight,lora_A,32768,2.575958728790283,2.5759708881378174,0.0003348503087181598,0.00012999055651617973,-1.2876637534020574e-09,1.849801606113033e-06,5.189329385757446e-06
model.layers.24.self_attn.k_proj.lora_A.weight,lora_A,32768,2.456002950668335,2.4560112953186035,0.0003347932652104646,0.00013631631229081367,4.967468214545079e-09,1.8494798723622807e-06,4.999339580535889e-06
model.layers.22.self_attn.v_proj.lora_A.weight,lora_A,32768,2.4392552375793457,2.4392595291137695,0.00033463380532339215,0.0001371868758004489,2.390120101836146e-09,1.8486043700249866e-06,4.9620866775512695e-06
model.layers.26.self_attn.o_proj.lora_A.weight,lora_A,32768,2.4803972244262695,2.4803829193115234,0.0003343125863466412,0.00013478187407017827,-3.540348014752226e-10,1.846831423790718e-06,5.085021257400513e-06
model.layers.17.mlp.gate_proj.lora_A.weight,lora_A,32768,2.765416383743286,2.7653980255126953,0.000334195006871596,0.000120847988330505,-2.1757173840342148e-10,1.846181703513139e-06,5.019828677177429e-06
model.layers.3.self_attn.v_proj.lora_A.weight,lora_A,32768,2.4547181129455566,2.454737663269043,0.0003325424331706017,0.00013547072122736123,4.114260043763807e-09,1.8370475345363957e-06,5.004461854696274e-06
model.layers.9.self_attn.v_proj.lora_A.weight,lora_A,32768,2.432729959487915,2.432729721069336,0.0003321986587252468,0.00013655385688396502,-1.1025905521933055e-08,1.835120656323852e-06,5.146488547325134e-06
model.layers.4.self_attn.q_proj.lora_B.weight,lora_B,32768,0.49421241879463196,0.49421370029449463,0.000332113093463704,0.0006720047510617338,-5.905136379880105e-10,1.8346822798775975e-06,5.336944013834e-06
model.layers.26.self_attn.q_proj.lora_A.weight,lora_A,32768,2.4225165843963623,2.4225196838378906,0.0003320878022350371,0.00013708380961106444,1.3602287074476749e-09,1.8345409671383095e-06,5.025416612625122e-06
model.layers.16.self_attn.v_proj.lora_A.weight,lora_A,32768,2.402256488800049,2.4022581577301025,0.0003312775515951216,0.00013790265658127041,2.443075075575507e-09,1.8300634110346437e-06,5.020294338464737e-06
model.layers.27.self_attn.o_proj.lora_A.weight,lora_A,32768,2.4590728282928467,2.459057092666626,0.0003305699210613966,0.0001344286827368537,-8.750562052739497e-09,1.82613462129666e-06,5.3765252232551575e-06
model.layers.0.self_attn.o_proj.lora_B.weight,lora_B,32768,0.4261681139469147,0.42617255449295044,0.00033054736559279263,0.0007756266946662439,-5.12026510079977e-09,1.8260251408719341e-06,5.156965926289558e-06
model.layers.0.mlp.down_proj.lora_B.weight,lora_B,32768,0.48063015937805176,0.48063281178474426,0.00032998144160956144,0.0006865599987245208,-9.062559591654917e-09,1.822884314606199e-06,5.289504770189524e-06
model.layers.1.self_attn.k_proj.lora_A.weight,lora_A,32768,2.4043819904327393,2.4043922424316406,0.0003299652598798275,0.0001372349573373907,4.02358812934267e-10,1.8228155340693775e-06,5.02169132232666e-06
model.layers.21.mlp.up_proj.lora_A.weight,lora_A,32768,2.6671061515808105,2.6671252250671387,0.0003296779759693891,0.00012360886940101235,-3.009513527274521e-09,1.8212261920780293e-06,5.0175003707408905e-06
model.layers.27.mlp.up_proj.lora_A.weight,lora_A,32768,2.5236878395080566,2.523686647415161,0.00032948501757346094,0.0001305569620835862,-2.940055754407922e-09,1.8201601506007137e-06,5.153007805347443e-06
model.layers.1.mlp.up_proj.lora_A.weight,lora_A,32768,2.4639103412628174,2.4639244079589844,0.0003291292523499578,0.00013358004422404048,1.3000458487510969e-09,1.8181967789132614e-06,5.1353126764297485e-06
model.layers.25.self_attn.o_proj.lora_A.weight,lora_A,32768,2.499094247817993,2.4991025924682617,0.00032866044784896076,0.00013151182598892397,-1.6291767934717427e-09,1.8156071064368007e-06,5.299109034240246e-06
model.layers.24.mlp.gate_proj.lora_A.weight,lora_A,32768,2.8757550716400146,2.8757665157318115,0.00032848125556483865,0.00011422435060768546,2.929223752445864e-09,1.8146151887776796e-06,5.062669515609741e-06
model.layers.4.mlp.up_proj.lora_A.weight,lora_A,32768,2.461337089538574,2.4613404273986816,0.00032741131144575775,0.00013302172743317228,-2.325259629287757e-08,1.8085571582560078e-06,5.362555384635925e-06
model.layers.2.mlp.gate_proj.lora_A.weight,lora_A,32768,2.712395429611206,2.7124054431915283,0.0003264366532675922,0.00012034994960686227,-1.8021836467596586e-08,1.8032320667771273e-06,4.986068233847618e-06
model.layers.5.mlp.down_proj.lora_B.weight,lora_B,32768,0.4643592834472656,0.4643618166446686,0.0003263946855440736,0.0007028925600905751,-6.112828465631992e-09,1.8030822275250102e-06,5.491077899932861e-06
model.layers.3.mlp.down_proj.lora_B.weight,lora_B,32768,0.4658483564853668,0.46585696935653687,0.00032616956741549075,0.0007001625376040933,-9.423051672285965e-09,1.801823714231432e-06,5.198875442147255e-06
model.layers.0.self_attn.v_proj.lora_A.weight,lora_A,32768,2.4359943866729736,2.4359965324401855,0.00032548257149755955,0.00013361384298676333,1.073568789422552e-09,1.7980520397031796e-06,5.088746547698975e-06
model.layers.25.self_attn.v_proj.lora_A.weight,lora_A,32768,2.4810056686401367,2.481008291244507,0.00032542008557356894,0.00013116458768590192,2.7392292878403168e-08,1.7974981574298e-06,5.1390379667282104e-06
model.layers.27.mlp.gate_proj.lora_A.weight,lora_A,32768,2.646787166595459,2.6467936038970947,0.0003247563145123422,0.0001226983108468346,2.1429014118723444e-09,1.7940387806447688e-06,5.039386451244354e-06
model.layers.8.self_attn.v_proj.lora_A.weight,lora_A,32768,2.4246463775634766,2.4246699810028076,0.00032427787664346397,0.00013374233852993041,-3.1402351829967756e-09,1.7913938563651755e-06,4.868023097515106e-06
model.layers.2.self_attn.k_proj.lora_A.weight,lora_A,32768,2.416193962097168,2.4162027835845947,0.0003234902978874743,0.00013388424230921286,1.442136188245513e-09,1.7870462443170254e-06,5.0533562898635864e-06
model.layers.13.mlp.gate_proj.lora_A.weight,lora_A,32768,2.7449536323547363,2.7449707984924316,0.0003230410802643746,0.00011768544155234289,3.525736813614344e-09,1.7845612774181063e-06,5.109235644340515e-06
model.layers.11.self_attn.v_proj.lora_A.weight,lora_A,32768,2.4031076431274414,2.4031150341033936,0.000322772772051394,0.00013431473740865496,1.5638093486813887e-08,1.7830135448093642e-06,5.003064870834351e-06
model.layers.0.mlp.gate_proj.lora_A.weight,lora_A,32768,2.8992669582366943,2.8992562294006348,0.00032266293419525027,0.00011129121217298689,-7.742544383404493e-09,1.7824580709202564e-06,5.0086528062820435e-06
model.layers.3.self_attn.k_proj.lora_A.weight,lora_A,32768,2.426393747329712,2.4263932704925537,0.00032257242128252983,0.00013294314726846224,-3.5909579754189735e-09,1.7819716049416456e-06,4.945322871208191e-06
model.layers.4.mlp.down_proj.lora_B.weight,lora_B,32768,0.4580937325954437,0.4580760598182678,0.0003220606886316091,0.0007030453938037841,1.504067981272783e-08,1.7790864603739465e-06,5.269772373139858e-06
model.layers.23.self_attn.v_proj.lora_A.weight,lora_A,32768,2.4669175148010254,2.4669246673583984,0.0003218956117052585,0.00013048495126973133,6.461330137597088e-09,1.7782247141440166e-06,5.09386882185936e-06
model.layers.2.self_attn.o_proj.lora_A.weight,lora_A,32768,2.498757839202881,2.4987637996673584,0.0003194546443410218,0.00012784537954383358,-2.6612683612370347e-08,1.7645522802922642e-06,5.25452196598053e-06
model.layers.23.mlp.gate_proj.lora_A.weight,lora_A,32768,2.8992552757263184,2.8992438316345215,0.0003189026319887489,0.00010999467161747521,-8.777872650966856e-09,1.7616800960240653e-06,4.995614290237427e-06
model.layers.1.mlp.down_proj.lora_B.weight,lora_B,32768,0.45691511034965515,0.45691585540771484,0.00031815480906516314,0.0006963105440345245,-2.5011317461576255e-09,1.7575709989614552e-06,5.175825208425522e-06
model.layers.2.mlp.up_proj.lora_A.weight,lora_A,32768,2.472177743911743,2.472188949584961,0.0003174625162500888,0.00012841411465332818,7.916684197084578e-09,1.753729065967491e-06,5.187466740608215e-06
model.layers.7.self_attn.q_proj.lora_A.weight,lora_A,32768,2.40395188331604,2.40395450592041,0.00031699257669970393,0.00013186311211122937,-6.549090159069237e-10,1.7511506484879646e-06,5.09992241859436e-06
model.layers.22.self_attn.o_proj.lora_A.weight,lora_A,32768,2.520662307739258,2.520662784576416,0.00031431548995897174,0.0001246955964684045,-2.673227195160166e-09,1.7363601045872201e-06,4.947185516357422e-06
model.layers.4.self_attn.o_proj.lora_B.weight,lora_B,32768,0.4530346393585205,0.4530388116836548,0.0003140961052849889,0.0006933158703487592,-1.2248193570485455e-08,1.7351082988170674e-06,5.39877510163933e-06
model.layers.6.mlp.down_proj.lora_B.weight,lora_B,32768,0.4278787672519684,0.4278777539730072,0.00031356190447695553,0.0007328288489068817,8.476979118654526e-09,1.7321794985036831e-06,5.353707820177078e-06
model.layers.1.self_attn.o_proj.lora_B.weight,lora_B,32768,0.43329623341560364,0.4333035945892334,0.00031330317142419517,0.0007230692243836908,1.4445823204312092e-08,1.730711005620833e-06,5.226815119385719e-06
model.layers.4.self_attn.o_proj.lora_A.weight,lora_A,32768,2.464291572570801,2.46429181098938,0.00031178820063360035,0.00012652244730453562,5.70188074533462e-09,1.7223914028363652e-06,5.21540641784668e-06
model.layers.5.self_attn.k_proj.lora_A.weight,lora_A,32768,2.4654839038848877,2.4654622077941895,0.0003104223869740963,0.00012590728598347797,6.601494906277594e-10,1.7148554434243124e-06,5.262903869152069e-06
model.layers.1.self_attn.v_proj.lora_A.weight,lora_A,32768,2.423689365386963,2.4236953258514404,0.0003102024784311652,0.00012798772105914602,2.1238979464044405e-09,1.7136393353212043e-06,5.004694685339928e-06
model.layers.3.self_attn.o_proj.lora_B.weight,lora_B,32768,0.4621172249317169,0.46211495995521545,0.00030915773822925985,0.0006690028450572069,2.1768526536902755e-08,1.707731826172676e-06,5.295267328619957e-06
model.layers.5.self_attn.v_proj.lora_A.weight,lora_A,32768,2.4129855632781982,2.4129819869995117,0.0003076655266340822,0.00012750408925617379,6.107261363297312e-09,1.6996149270198657e-06,5.073612555861473e-06
model.layers.1.self_attn.o_proj.lora_A.weight,lora_A,32768,2.4750330448150635,2.47503924369812,0.00030719247297383845,0.00012411651376428073,2.847773572511869e-09,1.6970103615676635e-06,5.1031820476055145e-06
model.layers.2.self_attn.o_proj.lora_B.weight,lora_B,32768,0.4577200412750244,0.45772549510002136,0.00030695434543304145,0.0006706159174896292,-8.838149767598225e-09,1.695675564405974e-06,5.3336843848228455e-06
model.layers.3.self_attn.o_proj.lora_A.weight,lora_A,32768,2.4852890968322754,2.485292673110962,0.00030636086012236774,0.00012326970754140927,-7.611625107983855e-09,1.6924010424190783e-06,5.193054676055908e-06
model.layers.4.self_attn.k_proj.lora_A.weight,lora_A,32768,2.443708896636963,2.443711996078491,0.00030208323732949793,0.00012361670317819994,6.903981830674866e-09,1.6687732795617194e-06,5.1390379667282104e-06
model.layers.3.mlp.up_proj.lora_A.weight,lora_A,32768,2.4391143321990967,2.4391157627105713,0.00030002539278939366,0.00012300587505420128,9.440052295417445e-09,1.657392658671597e-06,5.166046321392059e-06
model.layers.4.self_attn.q_proj.lora_A.weight,lora_A,32768,2.4235048294067383,2.423499584197998,0.00029984983848407865,0.00012372570289347448,-2.2339921912362115e-08,1.6562987639190396e-06,5.091540515422821e-06
model.layers.3.mlp.gate_proj.lora_A.weight,lora_A,32768,2.759596347808838,2.7596421241760254,0.00029928682488389313,0.00010845311674714003,2.430742274128761e-10,1.653339040785795e-06,4.910863935947418e-06
model.layers.7.self_attn.k_proj.lora_A.weight,lora_A,32768,2.4331648349761963,2.433168649673462,0.0002959180565085262,0.00012161858179716014,9.406588841187613e-10,1.6347290738849551e-06,5.2871182560920715e-06
model.layers.4.self_attn.v_proj.lora_A.weight,lora_A,32768,2.4207968711853027,2.420794725418091,0.00028721991111524403,0.00011864684498481344,-3.858744435092376e-09,1.586674102327379e-06,5.2638351917266846e-06
model.layers.27.self_attn.k_proj.lora_B.weight,lora_B,16384,0.40460965037345886,0.40462633967399597,0.00028213998302817345,0.0006973140229546066,-4.83083528735051e-09,2.204212933065719e-06,5.383975803852081e-06
model.layers.9.self_attn.k_proj.lora_B.weight,lora_B,16384,0.31189194321632385,0.3118959367275238,0.000270388787612319,0.0008669309787998632,-1.885999800776972e-09,2.1124114937265404e-06,5.116919055581093e-06
model.layers.13.self_attn.k_proj.lora_B.weight,lora_B,16384,0.3342619836330414,0.334258496761322,0.0002700955665204674,0.000808035552188259,-8.814831531367417e-09,2.1101025140524143e-06,5.2694231271743774e-06
model.layers.12.self_attn.k_proj.lora_B.weight,lora_B,16384,0.3242500126361847,0.32425177097320557,0.0002693564456421882,0.0008307060451664863,-8.901408499184527e-09,2.1043279048171826e-06,5.3053954616189e-06
model.layers.11.self_attn.k_proj.lora_B.weight,lora_B,16384,0.3148438632488251,0.31485483050346375,0.000267326133325696,0.0008490752545315606,-3.974940376849645e-09,2.088480869133491e-06,5.131354555487633e-06
model.layers.10.self_attn.k_proj.lora_B.weight,lora_B,16384,0.30751270055770874,0.307516872882843,0.00026604929007589817,0.0008651652097405667,1.0079427958942233e-08,2.0784848402399803e-06,5.291309207677841e-06
model.layers.11.self_attn.v_proj.lora_B.weight,lora_B,16384,0.2854295074939728,0.28543615341186523,0.0002647061483003199,0.0009273958765665093,4.066055048213002e-09,2.0680126908700913e-06,5.311405402608216e-06
model.layers.17.self_attn.v_proj.lora_B.weight,lora_B,16384,0.3212355375289917,0.3212386667728424,0.00026398207410238683,0.0008217710784211174,8.042512433803495e-09,2.062344037767616e-06,5.259178578853607e-06
model.layers.18.self_attn.v_proj.lora_B.weight,lora_B,16384,0.3239179849624634,0.32391563057899475,0.00026129366597160697,0.0008066661256919293,1.8928510314708547e-08,2.0412689991644584e-06,5.317997420206666e-06
model.layers.14.self_attn.v_proj.lora_B.weight,lora_B,16384,0.29343709349632263,0.2934367060661316,0.00025921352789737284,0.000883370008913414,-2.2524497822473677e-09,2.0251040950824972e-06,5.199108272790909e-06
model.layers.8.self_attn.v_proj.lora_B.weight,lora_B,16384,0.2890838086605072,0.28909051418304443,0.00025912714772857726,0.0008963737849216236,-1.08656532660234e-08,2.024401737799053e-06,5.246882210485637e-06
model.layers.10.self_attn.v_proj.lora_B.weight,lora_B,16384,0.2900361120700836,0.2900347113609314,0.00025843182811513543,0.0008910332795134441,1.6254286805406082e-10,2.0189986571494956e-06,5.491659976541996e-06
model.layers.12.self_attn.v_proj.lora_B.weight,lora_B,16384,0.28924688696861267,0.28924763202667236,0.00025737416581250727,0.0008898079025494784,-1.348637290732313e-08,2.0106904230488e-06,5.3032999858260155e-06
model.layers.15.self_attn.k_proj.lora_B.weight,lora_B,16384,0.3257260322570801,0.32572323083877563,0.0002571634540800005,0.0007895084476301042,2.407083643518604e-09,2.0090876660106005e-06,5.3604599088430405e-06
model.layers.21.self_attn.k_proj.lora_B.weight,lora_B,16384,0.38394254446029663,0.38392937183380127,0.00025705224834382534,0.0006695070709216676,1.666950666390221e-08,2.0081513412151253e-06,5.244030035100877e-06
model.layers.20.self_attn.v_proj.lora_B.weight,lora_B,16384,0.31654590368270874,0.31655433773994446,0.0002566866169217974,0.0008108985582675188,-2.026103196328677e-08,2.0052616491739172e-06,5.240144673734903e-06
model.layers.23.self_attn.k_proj.lora_B.weight,lora_B,16384,0.3718699812889099,0.37187641859054565,0.0002564180758781731,0.0006895369047789826,5.510051526158577e-09,2.003258714466938e-06,5.379784852266312e-06
model.layers.26.self_attn.v_proj.lora_B.weight,lora_B,16384,0.36976146697998047,0.36975622177124023,0.00025591396843083203,0.0006921055634082273,1.7653594142075235e-08,1.9992496618215227e-06,5.3176190704107285e-06
model.layers.13.self_attn.v_proj.lora_B.weight,lora_B,16384,0.2815280556678772,0.2815261781215668,0.00025585212279111147,0.0009087979604169326,-1.0120171367589137e-08,1.9988192434539087e-06,5.074834916740656e-06
model.layers.21.self_attn.v_proj.lora_B.weight,lora_B,16384,0.3218458294868469,0.32184547185897827,0.0002555966784711927,0.0007941587401605226,-2.1269317418415312e-09,1.9968476863141404e-06,5.198176950216293e-06
model.layers.20.self_attn.k_proj.lora_B.weight,lora_B,16384,0.3769640624523163,0.37694448232650757,0.0002547248441260308,0.0006757271302440189,8.086772140813991e-09,1.9900214738299837e-06,5.137873813509941e-06
model.layers.25.self_attn.k_proj.lora_B.weight,lora_B,16384,0.35848721861839294,0.3584945499897003,0.00025464288773946464,0.0007103262669192403,2.3080824362864405e-08,1.989263409996056e-06,5.137582775205374e-06
model.layers.15.self_attn.v_proj.lora_B.weight,lora_B,16384,0.28316858410835266,0.2831709682941437,0.00025442856713198125,0.0008985056302524922,-1.2450249720075135e-08,1.9876840724464273e-06,5.291774868965149e-06
model.layers.16.self_attn.v_proj.lora_B.weight,lora_B,16384,0.2855716347694397,0.28557345271110535,0.0002542420697864145,0.0008902917476088984,2.157723244522458e-08,1.9861488453898346e-06,5.230773240327835e-06
model.layers.9.self_attn.v_proj.lora_B.weight,lora_B,16384,0.28921592235565186,0.289216011762619,0.0002540902351029217,0.000878548570332391,-5.868266761410723e-09,1.985071321541909e-06,5.1113893277943134e-06
model.layers.23.self_attn.v_proj.lora_B.weight,lora_B,16384,0.3444365859031677,0.34444311261177063,0.0002536247484385967,0.000736346714660268,1.4299523343197507e-08,1.9813912786048604e-06,5.3640687838196754e-06
model.layers.6.self_attn.v_proj.lora_B.weight,lora_B,16384,0.27625709772109985,0.27626141905784607,0.00025325582828372717,0.0009167396254173566,1.8729327422306596e-08,1.978472710106871e-06,5.411900929175317e-06
model.layers.24.self_attn.v_proj.lora_B.weight,lora_B,16384,0.3610672354698181,0.3610592782497406,0.000253235746640712,0.0007013534371547269,-4.914943119160853e-08,1.9777937723119976e-06,5.2140094339847565e-06
model.layers.19.self_attn.v_proj.lora_B.weight,lora_B,16384,0.34096676111221313,0.3409668803215027,0.00025302922585979104,0.0007420935255812762,1.9491119829240233e-10,1.9767908270296175e-06,5.366979166865349e-06
model.layers.24.self_attn.k_proj.lora_B.weight,lora_B,16384,0.38456201553344727,0.3845692574977875,0.0002527873730286956,0.0006573383818941146,6.406533525904479e-09,1.974890892597614e-06,5.212612450122833e-06
model.layers.14.self_attn.k_proj.lora_B.weight,lora_B,16384,0.32628172636032104,0.3262860178947449,0.0002523342554923147,0.0007733631248893653,-9.174823567548174e-09,1.9713397705345415e-06,5.302252247929573e-06
model.layers.22.self_attn.v_proj.lora_B.weight,lora_B,16384,0.32955628633499146,0.32955944538116455,0.00025195174384862185,0.0007645180938606488,-1.2648740721488139e-08,1.968332298929454e-06,5.3229741752147675e-06
model.layers.19.self_attn.k_proj.lora_B.weight,lora_B,16384,0.38637983798980713,0.38637956976890564,0.0002514926018193364,0.0006508947338654118,-1.1580891801088455e-09,1.9647852695925394e-06,5.113397492095828e-06
model.layers.7.self_attn.v_proj.lora_B.weight,lora_B,16384,0.30684342980384827,0.30684205889701843,0.00025119964266195893,0.0008186573941718094,1.7548120734289796e-09,1.962495616680826e-06,5.253590643405914e-06
model.layers.8.self_attn.k_proj.lora_B.weight,lora_B,16384,0.32842469215393066,0.32842522859573364,0.0002506771415937692,0.0007632712995777989,2.4308347335022518e-08,1.958264419954503e-06,5.326117388904095e-06
model.layers.25.self_attn.v_proj.lora_B.weight,lora_B,16384,0.3568258285522461,0.35682541131973267,0.00025022844783961773,0.0007012621503742393,-2.774130791749485e-08,1.9547128431440797e-06,5.196314305067062e-06
model.layers.16.self_attn.k_proj.lora_B.weight,lora_B,16384,0.3390749394893646,0.33906644582748413,0.0002498212270438671,0.0007367729016484952,-2.0293388303116444e-08,1.9516223801474553e-06,5.24462666362524e-06
model.layers.5.self_attn.v_proj.lora_B.weight,lora_B,16384,0.2721467614173889,0.27214497327804565,0.0002493558858986944,0.0009162552021563822,-3.745758814233113e-09,1.9480885384837165e-06,5.261972546577454e-06
model.layers.17.self_attn.k_proj.lora_B.weight,lora_B,16384,0.3556753098964691,0.3556807041168213,0.00024932314408943057,0.0007009852445535345,-5.132773317484407e-09,1.947830241988413e-06,5.213310942053795e-06
model.layers.5.self_attn.k_proj.lora_B.weight,lora_B,16384,0.37149256467819214,0.3714938461780548,0.0002486791054252535,0.0006694053369296191,2.211714811295451e-09,1.9428036921453895e-06,5.048234015703201e-06
model.layers.1.self_attn.k_proj.lora_B.weight,lora_B,16384,0.3206823766231537,0.32070156931877136,0.00024858597316779196,0.0007751781553618551,-1.546090189208371e-08,1.942016069733654e-06,5.13147097080946e-06
model.layers.18.self_attn.k_proj.lora_B.weight,lora_B,16384,0.3757763206958771,0.37576261162757874,0.00024852436035871506,0.0006613624826026506,1.4748595678071297e-09,1.941595883181435e-06,5.187699571251869e-06
model.layers.26.self_attn.k_proj.lora_B.weight,lora_B,16384,0.3584440350532532,0.3584589660167694,0.0002484740689396858,0.0006932018520067453,-5.391855850689353e-10,1.9412032088439446e-06,5.3729163482785225e-06
model.layers.3.self_attn.k_proj.lora_B.weight,lora_B,16384,0.32716041803359985,0.32716092467308044,0.00024830299662426114,0.0007589640523040293,2.8275546348766056e-09,1.9398648873902857e-06,5.108769983053207e-06
model.layers.27.self_attn.v_proj.lora_B.weight,lora_B,16384,0.3973007798194885,0.39728277921676636,0.00024734725593589246,0.0006225692686741601,-3.444206253533366e-09,1.9323972537677037e-06,5.259877070784569e-06
model.layers.6.self_attn.k_proj.lora_B.weight,lora_B,16384,0.31837043166160583,0.31838101148605347,0.0002457394730299711,0.0007718665070353211,2.993484571334193e-09,1.919837359309895e-06,5.100388079881668e-06
model.layers.7.self_attn.k_proj.lora_B.weight,lora_B,16384,0.31641945242881775,0.3164213299751282,0.0002457083319313824,0.0007765272648231303,-1.5346987680686652e-08,1.91953472494788e-06,5.4944539442658424e-06
model.layers.0.self_attn.k_proj.lora_B.weight,lora_B,16384,0.33717480301856995,0.33718380331993103,0.00024504598695784807,0.0007267624530779428,7.0103149951705745e-09,1.9144085854350124e-06,5.2787072490900755e-06
model.layers.22.self_attn.k_proj.lora_B.weight,lora_B,16384,0.38876965641975403,0.3887663781642914,0.00024263866362161934,0.0006241193457743594,-8.578330934483347e-09,1.8955952327814884e-06,5.309440894052386e-06
model.layers.0.self_attn.v_proj.lora_B.weight,lora_B,16384,0.29911187291145325,0.29911327362060547,0.00023520021932199597,0.0007863285968311355,-8.307842414012612e-09,1.8374829551248695e-06,5.037989467382431e-06
model.layers.4.self_attn.v_proj.lora_B.weight,lora_B,16384,0.2795524299144745,0.2795460820198059,0.00023503015108872205,0.0008407372855268206,-6.056366075313235e-09,1.836162482504733e-06,5.1711685955524445e-06
model.layers.2.self_attn.k_proj.lora_B.weight,lora_B,16384,0.31512451171875,0.31512001156806946,0.00023388577392324805,0.0007422011466121434,-4.063264835707514e-09,1.8272281749887043e-06,5.2924733608961105e-06
model.layers.4.self_attn.k_proj.lora_B.weight,lora_B,16384,0.3191940188407898,0.31919097900390625,0.00022889555839356035,0.0007171047854368811,-1.0504413339162966e-08,1.7882152860693168e-06,5.213660188019276e-06
model.layers.1.self_attn.v_proj.lora_B.weight,lora_B,16384,0.276555597782135,0.2765601873397827,0.00022541593352798373,0.0008150836046557333,-2.723800385240338e-08,1.7608514326639124e-06,5.094101652503014e-06
model.layers.2.self_attn.v_proj.lora_B.weight,lora_B,16384,0.2689577043056488,0.2689659297466278,0.00021892155928071588,0.0008139627747265761,-6.051166234755101e-10,1.710324227133242e-06,5.387002602219582e-06
model.layers.3.self_attn.v_proj.lora_B.weight,lora_B,16384,0.29932963848114014,0.2993384599685669,0.00021671660942956805,0.0007240065184631649,7.427173098761841e-09,1.6930816855165176e-06,5.267676897346973e-06
